original_problem_key,original_filename,original_summary,original_severity,original_block_type,problem_type_label,attempts,fixes,strict_fixes,introduced_diagnostics,ever_fixed,ever_strict_fixed,first_fixed_iteration_order,first_strict_fixed_iteration_order,first_fixed_iteration,first_strict_fixed_iteration
de8fac9032df,clones/turbot__steampipe-plugin-aws/aws-test/tests/aws_s3_bucket/variables.tf,Argument is deprecated,warning,resource,"Argument is deprecated [resource, warning]",16,0,0,8,False,False,,,,
74f43bb3a5cd,clones/fleetdm__fleet/infrastructure/loadtesting/terraform/firehose.tf,Invalid Attribute Combination,warning,resource,"Invalid Attribute Combination [resource, warning]",16,0,0,6,False,False,,,,
f607314f966c,clones/turbot__steampipe-plugin-aws/aws-test/tests/aws_emr_instance_group/variables.tf,Quoted references are deprecated,warning,resource,"Quoted references are deprecated [resource, warning]",16,0,0,6,False,False,,,,
b472e9f0ca7d,clones/run-x__opta/modules/mongodb_atlas/tf_module/atlas_cluster.tf,Deprecated Resource,warning,resource,"Deprecated Resource [resource, warning]",16,0,0,1,False,False,,,,
3d1e2c2cbfaf,clones/turbot__steampipe-plugin-aws/aws-test/tests/aws_securityhub_standards_subscription/variables.tf,Deprecated attribute,warning,resource,"Deprecated attribute [resource, warning]",16,0,0,1,False,False,,,,
7c747e115dad,clones/turbot__steampipe-plugin-aws/aws-test/tests/aws_kinesis_consumer/variables.tf,Deprecated attribute,warning,resource,"Deprecated attribute [resource, warning]",16,0,0,1,False,False,,,,
937f75d90d77,clones/aqueducthq__aqueduct/src/terraform/gke/plugin.tf,Deprecated attribute,warning,resource,"Deprecated attribute [resource, warning]",16,0,0,1,False,False,,,,
04fd5f9a759d,clones/newscorp-ghfb__NewsKit/terraform/s3/prod-newskit/s3.tf,Argument is deprecated,warning,resource,"Argument is deprecated [resource, warning]",16,0,0,0,False,False,,,,
5102938e516e,clones/lisenet__kubernetes-homelab/kubernetes/helm/velero/terraform/s3.tf,Argument is deprecated,warning,resource,"Argument is deprecated [resource, warning]",16,0,0,0,False,False,,,,
59b48997eace,clones/joshlarsen__aws-recon/utils/terraform/s3.tf,Argument is deprecated,warning,resource,"Argument is deprecated [resource, warning]",16,0,0,0,False,False,,,,
6b80c5ddec14,clones/futurice__symptomradar/infra/modules/main/frontend.tf,Argument is deprecated,warning,resource,"Argument is deprecated [resource, warning]",16,0,0,0,False,False,,,,
83778c9434d8,clones/h2oai__sparkling-water/templates/src/terraform/aws/modules/emr_deployment/main.tf,Argument is deprecated,warning,resource,"Argument is deprecated [resource, warning]",16,0,0,0,False,False,,,,
9c9b55582731,clones/prowler-cloud__prowler/contrib/terraform-kickstarter/main.tf,Argument is deprecated,warning,resource,"Argument is deprecated [resource, warning]",16,0,0,0,False,False,,,,
bd71f0816c9d,clones/Optum__dce/scripts/deploy_local/main.tf,Argument is deprecated,warning,resource,"Argument is deprecated [resource, warning]",16,0,0,0,False,False,,,,
eb2d52416499,clones/Quentin-M__etcd-cloud-operator/terraform/platforms/aws/s3.tf,Argument is deprecated,warning,resource,"Argument is deprecated [resource, warning]",16,0,0,0,False,False,,,,
e064de81f5a8,clones/ministryofjustice__opg-digideps/terraform/environment/region/modules/s3_bucket/data_sources.tf,Deprecated attribute,warning,data,"Deprecated attribute [data, warning]",16,0,0,0,False,False,,,,
f93132445528,clones/turbot__steampipe-plugin-aws/aws-test/tests/aws_elasticache_parameter_group/variables.tf,Deprecated attribute,warning,data,"Deprecated attribute [data, warning]",16,0,0,0,False,False,,,,
02e1c00861dd,clones/projecthorus__sondehub-infra/ham_query.tf,Deprecated attribute,warning,resource,"Deprecated attribute [resource, warning]",16,0,0,0,False,False,,,,
20a8c344e907,clones/DataDog__stratus-red-team/v2/internal/attacktechniques/aws/persistence/lambda-layer-extension/main.tf,Deprecated attribute,warning,resource,"Deprecated attribute [resource, warning]",16,0,0,0,False,False,,,,
2f3d9871f312,clones/turbot__steampipe-plugin-aws/aws-test/tests/aws_guardduty_ipset/variables.tf,Deprecated attribute,warning,resource,"Deprecated attribute [resource, warning]",16,0,0,0,False,False,,,,
3c631fd5ed76,clones/AutoMQ__openmessaging-benchmark/driver-redpanda/deploy/provision-redpanda-aws.tf,Deprecated attribute,warning,resource,"Deprecated attribute [resource, warning]",16,0,0,0,False,False,,,,
5b9709df323b,clones/cloud-custodian__cloud-custodian/tests/terraform/cloudtrail_fail_include_management_events/main.tf,Deprecated attribute,warning,resource,"Deprecated attribute [resource, warning]",16,0,0,0,False,False,,,,
7fab63fb29c8,clones/futurice__symptomradar/infra/modules/main/backend.tf,Deprecated attribute,warning,resource,"Deprecated attribute [resource, warning]",16,0,0,0,False,False,,,,
8eaa6d4d3430,clones/projecthorus__sondehub-infra/ham_query.tf,Deprecated attribute,warning,resource,"Deprecated attribute [resource, warning]",16,0,0,0,False,False,,,,
999dd1227759,clones/turbot__steampipe-plugin-aws/aws-test/tests/aws_glacier_vault/variables.tf,Deprecated attribute,warning,resource,"Deprecated attribute [resource, warning]",16,0,0,0,False,False,,,,
a34b36adbd6e,clones/futurice__symptomradar/infra/modules/main/deployment_iam.tf,Deprecated attribute,warning,resource,"Deprecated attribute [resource, warning]",16,0,0,0,False,False,,,,
d374a90f141f,clones/wireapp__wire-server-deploy/terraform/modules/aws-brig-prekey-lock-event-queue-email-sending/resources.dns.mailing.tf,Deprecated attribute,warning,resource,"Deprecated attribute [resource, warning]",16,0,0,0,False,False,,,,
fe47e00b1a84,clones/cisagov__crossfeed/infrastructure/database.tf,Deprecated attribute,warning,resource,"Deprecated attribute [resource, warning]",16,0,0,0,False,False,,,,
4e11d01d8b46,clones/umccr__infrastructure/terraform/stacks/umccr_data_portal/athena.tf,Invalid index,error,resource,"Invalid index [resource, error]",16,0,0,0,False,False,,,,
5c587e91b27f,clones/umccr__infrastructure/terraform/stacks/umccr_data_portal/frontend.tf,Invalid index,error,resource,"Invalid index [resource, error]",16,0,0,0,False,False,,,,
872ce614b0f8,clones/umccr__infrastructure/terraform/stacks/ica_ens/main.tf,Invalid index,error,resource,"Invalid index [resource, error]",16,0,0,0,False,False,,,,
8b8aa8ccb966,clones/umccr__infrastructure/terraform/stacks/umccr_data_portal/cicd.tf,Invalid index,error,resource,"Invalid index [resource, error]",16,0,0,0,False,False,,,,
8f96fc0bf567,clones/umccr__infrastructure/terraform/stacks/umccr_data_portal/data2.tf,Invalid index,error,resource,"Invalid index [resource, error]",16,0,0,0,False,False,,,,
a62c0b438ace,clones/umccr__infrastructure/terraform/stacks/umccr_data_portal/data2.tf,Invalid index,error,resource,"Invalid index [resource, error]",16,0,0,0,False,False,,,,
b3f421401130,clones/umccr__infrastructure/terraform/stacks/umccr_data_portal/cicd.tf,Invalid index,error,resource,"Invalid index [resource, error]",16,0,0,0,False,False,,,,
b6f0bdf919b4,clones/futurice__symptomradar/infra/modules/aws_lambda_api/certificate.tf,Invalid index,error,resource,"Invalid index [resource, error]",16,0,0,0,False,False,,,,
dc5049d5adbc,clones/Azure__avdaccelerator/workload/terraform/modules/avd/poolremoteapp/remoteapp.tf,"Reference to ""count"" in non-counted context",error,resource,"Reference to ""count"" in non-counted context [resource, error]",16,0,0,0,False,False,,,,
003cc9166e21,clones/Azure__avdaccelerator/workload/terraform/modules/azurefiles/data.tf,Reference to undeclared input variable,error,data,"Reference to undeclared input variable [data, error]",16,0,0,0,False,False,,,,
1c54e1c4e822,clones/stevenhurwitt__reddit-streaming/terraform/kms.tf,Reference to undeclared input variable,error,data,"Reference to undeclared input variable [data, error]",16,0,0,0,False,False,,,,
1eb16c5cafa3,clones/Azure__avdaccelerator/workload/terraform/modules/azurefiles/data.tf,Reference to undeclared input variable,error,data,"Reference to undeclared input variable [data, error]",16,0,0,0,False,False,,,,
3638a9656800,clones/alphagov__di-authentication-api/ci/terraform/dynatrace.tf,Reference to undeclared input variable,error,data,"Reference to undeclared input variable [data, error]",16,0,0,0,False,False,,,,
b47b731c9e6f,clones/Azure__avdaccelerator/workload/terraform/modules/azurefiles/data.tf,Reference to undeclared input variable,error,data,"Reference to undeclared input variable [data, error]",16,0,0,0,False,False,,,,
c0033b5a3994,clones/Azure__avdaccelerator/workload/terraform/modules/azurefiles/data.tf,Reference to undeclared input variable,error,data,"Reference to undeclared input variable [data, error]",16,0,0,0,False,False,,,,
f1924d2b202a,clones/alphagov__di-authentication-api/ci/terraform/modules/dns/dns.tf,Reference to undeclared input variable,error,data,"Reference to undeclared input variable [data, error]",16,0,0,0,False,False,,,,
fd38fc5d806f,clones/Azure__avdaccelerator/workload/terraform/modules/azurefiles/data.tf,Reference to undeclared input variable,error,data,"Reference to undeclared input variable [data, error]",16,0,0,0,False,False,,,,
14d1d45f8b06,clones/Azure__avdaccelerator/workload/terraform/modules/netapp/netappfiles.tf,Reference to undeclared input variable,error,resource,"Reference to undeclared input variable [resource, error]",16,0,0,0,False,False,,,,
202125c2fe80,clones/oracle__oci-utils/tools/provisioning/test_instance/instance.tf,Reference to undeclared input variable,error,resource,"Reference to undeclared input variable [resource, error]",16,0,0,0,False,False,,,,
35914658153a,clones/Azure__avdaccelerator/workload/terraform/modules/netapp/netappfiles.tf,Reference to undeclared input variable,error,resource,"Reference to undeclared input variable [resource, error]",16,0,0,0,False,False,,,,
60c481c6f71a,clones/vmenajr__mongo/colonizer/base/keypair.tf,Reference to undeclared input variable,error,resource,"Reference to undeclared input variable [resource, error]",16,0,0,0,False,False,,,,
6e5b99097974,clones/vmenajr__mongo/colonizer/base/keypair.tf,Reference to undeclared input variable,error,resource,"Reference to undeclared input variable [resource, error]",16,0,0,0,False,False,,,,
941c51b20288,clones/Azure__avdaccelerator/workload/terraform/modules/netapp/netappfiles.tf,Reference to undeclared input variable,error,resource,"Reference to undeclared input variable [resource, error]",16,0,0,0,False,False,,,,
b0a3a9ba08cd,clones/Azure__avdaccelerator/workload/terraform/modules/netapp/netappfiles.tf,Reference to undeclared input variable,error,resource,"Reference to undeclared input variable [resource, error]",16,0,0,0,False,False,,,,
d03cbe3c353e,clones/Azure__avdaccelerator/workload/terraform/modules/netapp/netappfiles.tf,Reference to undeclared input variable,error,resource,"Reference to undeclared input variable [resource, error]",16,0,0,0,False,False,,,,
d7f3b1191f4a,clones/Azure__avdaccelerator/workload/terraform/modules/netapp/netappfiles.tf,Reference to undeclared input variable,error,resource,"Reference to undeclared input variable [resource, error]",16,0,0,0,False,False,,,,
9ca71326bc85,clones/cloudfoundry__bosh-bootloader/terraform/gcp/templates/cf_lb.tf,Reference to undeclared resource,error,resource,"Reference to undeclared resource [resource, error]",16,0,0,0,False,False,,,,
fcb1c7bca8dc,clones/Azure__avdaccelerator/workload/terraform/modules/avd/personal/personalpool.tf,Reference to undeclared resource,error,resource,"Reference to undeclared resource [resource, error]",16,0,0,0,False,False,,,,
3ad9ca93389b,clones/AztecProtocol__Setup/setup-mpc-map/terraform/main.tf,Unsupported argument,error,resource,"Unsupported argument [resource, error]",16,0,0,0,False,False,,,,
5d705072ef71,clones/turbot__steampipe-plugin-aws/aws-test/tests/aws_api_gateway_usage_plan/variables.tf,Unsupported argument,error,resource,"Unsupported argument [resource, error]",16,0,0,0,False,False,,,,
95522cc33f7d,clones/oracle__oci-utils/tools/provisioning/kvm_instance/tf_scripts/api_key.tf,Unsupported attribute,error,resource,"Unsupported attribute [resource, error]",16,0,0,0,False,False,,,,
2dd6fb515c59,clones/aqueducthq__aqueduct/src/terraform/eks/modules/kubernetes-addons/helm-addon/main.tf,Unsupported block type,error,resource,"Unsupported block type [resource, error]",16,0,0,0,False,False,,,,
581b9e59c3ce,clones/aqueducthq__aqueduct/src/terraform/eks/modules/kubernetes-addons/helm-addon/main.tf,Unsupported block type,error,resource,"Unsupported block type [resource, error]",16,0,0,0,False,False,,,,
94c114d26787,clones/aqueducthq__aqueduct/src/terraform/eks/modules/kubernetes-addons/helm-addon/main.tf,Unsupported block type,error,resource,"Unsupported block type [resource, error]",16,0,0,0,False,False,,,,
c0e76058094b,clones/GoogleCloudPlatform__professional-services/tools/mongodb-hybrid-dlp/main.tf,Unsupported block type,error,resource,"Unsupported block type [resource, error]",16,0,0,0,False,False,,,,
e33cbb00a601,clones/linkedin__iris/ops/terraform/vpc.tf,Unsupported block type,error,resource,"Unsupported block type [resource, error]",16,16,0,176,True,False,1.0,,1,
e47ffab28976,clones/PaloAltoNetworks__pan-fca/modules/aws/vpc/main.tf,Error in function call,error,resource,"Error in function call [resource, error]",16,14,0,92,True,False,1.0,,1,
4dd644ede9d5,clones/cloud-computer__cloud-computer/infrastructure/terraform/providers/gcp/cloud-computer.tf,Missing resource instance key,error,resource,"Missing resource instance key [resource, error]",16,16,0,80,True,False,1.0,,1,
0d8832c73cc0,clones/cloud-computer__cloud-computer/infrastructure/terraform/providers/gcp/cloud-computer.tf,Unsupported block type,error,resource,"Unsupported block type [resource, error]",16,16,0,80,True,False,1.0,,1,
2e62a780f4ad,clones/Azure__avdaccelerator/workload/terraform/modules/netapp/netappfiles.tf,Reference to undeclared resource,error,resource,"Reference to undeclared resource [resource, error]",16,13,0,52,True,False,1.0,,1,
0d2f10e5bf6b,clones/bcgov__mds/operations/azure/live/database.tf,Deprecated Resource,warning,resource,"Deprecated Resource [resource, warning]",16,16,0,48,True,False,1.0,,1,
dae0d7104151,clones/bcgov__mds/operations/azure/live/database.tf,Deprecated Resource,warning,resource,"Deprecated Resource [resource, warning]",16,16,0,48,True,False,1.0,,1,
595e471fb00c,clones/oracle__oci-utils/contrib/oracle_virt_manager/instance.tf,Deprecated attribute,warning,resource,"Deprecated attribute [resource, warning]",16,16,0,48,True,False,1.0,,1,
efdf9329d477,clones/hail-is__hail/infra/gcp/main.tf,Deprecated Resource,warning,resource,"Deprecated Resource [resource, warning]",16,13,0,38,True,False,1.0,,1,
dc44e9c35c2e,clones/turbot__steampipe-plugin-aws/aws-test/tests/aws_s3_bucket/variables.tf,Argument is deprecated,warning,resource,"Argument is deprecated [resource, warning]",16,5,0,33,True,False,1.0,,1,
502693d599ff,clones/run-x__opta/modules/gcp_k8s_service/tf_module/variables.tf,Deprecated Resource,warning,data,"Deprecated Resource [data, warning]",16,10,0,33,True,False,1.0,,1,
fa49513701b3,clones/turbot__steampipe-plugin-aws/aws-test/tests/aws_lambda_alias/variables.tf,Attribute Deprecated,warning,resource,"Attribute Deprecated [resource, warning]",16,16,0,32,True,False,1.0,,1,
a701312a0dc8,clones/pluralsh__plural-artifacts/airbyte/terraform/azure/main.tf,Deprecated Resource,warning,data,"Deprecated Resource [data, warning]",16,16,0,32,True,False,1.0,,1,
826640a2afa8,clones/GoogleCloudPlatform__gke-autoneg-controller/terraform/kubernetes/main.tf,Deprecated Resource,warning,resource,"Deprecated Resource [resource, warning]",16,12,0,27,True,False,2.0,,2,
b6afb35dd38f,clones/databrickslabs__overwatch/terraform/modules/azure-workspace-diag/diagnostic.tf,Unsupported block type,error,resource,"Unsupported block type [resource, error]",16,15,0,26,True,False,1.0,,1,
f7eeb6d4a73f,clones/GoogleCloudPlatform__professional-services/tools/vector-search-load-testing-framework/terraform/modules/gke-autopilot/app.tf,Deprecated Resource,warning,resource,"Deprecated Resource [resource, warning]",16,11,0,22,True,False,2.0,,2,
4b4ed52999ab,clones/facebookresearch__fbpcs/fbpcs/infra/pce/gcp_terraform_template/common/pce/networking.tf,Unsupported argument,error,resource,"Unsupported argument [resource, error]",16,10,0,20,True,False,1.0,,1,
c9fbd5c7ba57,clones/pluralsh__plural-artifacts/bootstrap/terraform/equinix-bootstrap/nodes.tf,Deprecated Resource,warning,resource,"Deprecated Resource [resource, warning]",16,9,0,18,True,False,2.0,,2,
10bd99049c22,clones/datacommonsorg__website/deploy/terraform-datacommons-website/modules/helm/main.tf,Unsupported block type,error,resource,"Unsupported block type [resource, error]",16,1,0,18,True,False,10.0,,10,
cf9000270ea0,clones/bhavink__databricks/gcpdb4u/templates/terraform-scripts/byovpc-cmek-ws/workspace.tf,Unsupported block type,error,resource,"Unsupported block type [resource, error]",16,9,0,17,True,False,2.0,,2,
d1f1157084fd,clones/pluralsh__plural-artifacts/bootstrap/terraform/equinix-bootstrap/main.tf,Deprecated Resource,warning,resource,"Deprecated Resource [resource, warning]",16,16,0,16,True,False,1.0,,1,
301af9ecd0e0,clones/turbot__steampipe-plugin-aws/aws-test/tests/aws_redshift_event_subscription/variables.tf,Deprecated,warning,data,"Deprecated [data, warning]",16,16,0,16,True,False,1.0,,1,
4b9152e2df28,clones/AztecProtocol__Setup/setup-mpc-map/terraform/main.tf,Quoted references are deprecated,warning,resource,"Quoted references are deprecated [resource, warning]",16,3,0,16,True,False,7.0,,7,
3454cb5288d6,clones/google__nomulus/proxy/terraform/modules/kms.tf,Unsupported attribute,error,resource,"Unsupported attribute [resource, error]",16,16,0,16,True,False,1.0,,1,
f4212b8e85ac,clones/in4it__ecs-deploy/terraform/ecs-deploy.tf,Argument is deprecated,warning,resource,"Argument is deprecated [resource, warning]",16,13,0,15,True,False,1.0,,1,
c77b16aac7f8,clones/mumoshu__concourse-aws/main.tf,Incorrect attribute value type,error,resource,"Incorrect attribute value type [resource, error]",16,15,0,15,True,False,1.0,,1,
e4b1832b4de4,clones/Azure__avdaccelerator/workload/terraform/modules/avd/personal/personalpool.tf,Unsupported argument,error,data,"Unsupported argument [data, error]",16,15,0,15,True,False,1.0,,1,
b3b402ed809d,clones/GoogleCloudPlatform__gcpdiag/test-data/notebooks1/runtimes1.tf,Deprecated Resource,warning,resource,"Deprecated Resource [resource, warning]",16,14,0,14,True,False,1.0,,1,
f1ed45cceb92,clones/pluralsh__plural-artifacts/bootstrap/terraform/equinix-bootstrap/main.tf,Deprecated Resource,warning,resource,"Deprecated Resource [resource, warning]",16,14,0,14,True,False,1.0,,1,
48c67e9ed3a4,clones/turbot__steampipe-plugin-aws/aws-test/tests/aws_vpc_nat_gateway/variables.tf,Unsupported argument,error,resource,"Unsupported argument [resource, error]",16,14,0,14,True,False,1.0,,1,
3a3c1620786c,clones/nebari-dev__nebari/src/_nebari/stages/nebari_tf_extensions/template/modules/nebariextension/main.tf,Deprecated Resource,warning,resource,"Deprecated Resource [resource, warning]",16,13,0,13,True,False,1.0,,1,
0613b7e0f678,clones/h2oai__sparkling-water/templates/src/terraform/aws/modules/emr_deployment/main.tf,Deprecated Resource,warning,data,"Deprecated Resource [data, warning]",16,12,0,12,True,False,1.0,,1,
afc3f8970d41,clones/GoogleCloudPlatform__gke-autoneg-controller/terraform/kubernetes/main.tf,Deprecated Resource,warning,resource,"Deprecated Resource [resource, warning]",16,12,0,12,True,False,3.0,,3,
b65a166ae836,clones/turbot__steampipe-plugin-aws/aws-test/tests/aws_media_store_container/variables.tf,Deprecated Resource,warning,resource,"Deprecated Resource [resource, warning]",16,3,0,12,True,False,7.0,,7,
398590c3e620,clones/nasa__cumulus/tf-modules/cumulus/ecs_cluster.tf,Deprecated Resource,warning,resource,"Deprecated Resource [resource, warning]",16,11,0,11,True,False,1.0,,1,
75b076cf358f,clones/securitybunker__databunker/terraform/aws/rds.tf,Unsupported argument,error,resource,"Unsupported argument [resource, error]",16,6,0,11,True,False,1.0,,1,
61559a414ab0,clones/microsoft__nxs/terraform/modules/nxs-oss/redis_oss/main.tf,Deprecated Resource,warning,resource,"Deprecated Resource [resource, warning]",16,10,0,10,True,False,1.0,,1,
3726734f98c8,clones/turbot__steampipe-plugin-aws/aws-test/tests/aws_guardduty_publishing_destination/variables.tf,Deprecated attribute,warning,data,"Deprecated attribute [data, warning]",16,4,0,8,True,False,6.0,,6,
63c9144c96c5,clones/DataDog__stratus-red-team/v2/internal/attacktechniques/aws/persistence/lambda-layer-extension/main.tf,Argument is deprecated,warning,resource,"Argument is deprecated [resource, warning]",16,4,0,6,True,False,3.0,,3,
c08c183dcb81,clones/futurice__symptomradar/infra/modules/main/open_data.tf,Argument is deprecated,warning,resource,"Argument is deprecated [resource, warning]",16,6,0,6,True,False,1.0,,1,
cf4adb47ab50,clones/Azure__aks-app-routing-operator/devenv/tf/workloadidentity.tf,Deprecated Resource,warning,resource,"Deprecated Resource [resource, warning]",16,3,0,6,True,False,7.0,,7,
9191fc896513,clones/stevenhurwitt__reddit-streaming/terraform/lambda.tf,Reference to undeclared local value,error,resource,"Reference to undeclared local value [resource, error]",16,3,0,6,True,False,8.0,,8,
311cb197e139,clones/GoogleCloudPlatform__professional-services/tools/mongodb-hybrid-dlp/main.tf,Missing required argument,error,resource,"Missing required argument [resource, error]",16,1,0,5,True,False,10.0,,10,
98c71423eb33,clones/GoogleCloudPlatform__gcpdiag/test-data/notebooks1/instances1.tf,Deprecated Resource,warning,resource,"Deprecated Resource [resource, warning]",16,4,0,4,True,False,10.0,,10,
4f6d716673cd,clones/bhavink__databricks/gcpdb4u/templates/terraform-scripts/uc/unity-setup.tf,Incorrect attribute value type,error,resource,"Incorrect attribute value type [resource, error]",16,4,0,4,True,False,2.0,,2,
e34ce347d080,clones/microsoft__nxs/terraform/modules/nxs-oss/aks/main.tf,Unsupported argument,error,resource,"Unsupported argument [resource, error]",16,4,0,4,True,False,1.0,,1,
3daca8cc9b62,clones/GoogleCloudPlatform__professional-services/tools/quota-monitoring-alerting/python/terraform/common/main.tf,Deprecated Resource,warning,data,"Deprecated Resource [data, warning]",16,2,0,3,True,False,3.0,,3,
5a2c19665497,clones/turbot__steampipe-plugin-aws/aws-test/tests/aws_guardduty_threat_intel_set/variables.tf,Deprecated attribute,warning,resource,"Deprecated attribute [resource, warning]",16,1,0,2,True,False,10.0,,10,
8f9bf51b618e,clones/bhavink__databricks/gcpdb4u/templates/terraform-scripts/uc/unity-setup.tf,Incorrect attribute value type,error,resource,"Incorrect attribute value type [resource, error]",16,2,0,2,True,False,13.0,,13,
6cd24aed7980,clones/uc-cdis__cloud-automation/tf_files/aws/modules/squid/cloud.tf,Missing resource instance key,error,resource,"Missing resource instance key [resource, error]",16,16,15,226,True,True,1.0,1.0,1,1
f782ecda0365,clones/stevenhurwitt__reddit-streaming/terraform/cloudwatch.tf,Missing required argument,error,resource,"Missing required argument [resource, error]",16,16,2,14,True,True,1.0,10.0,1,10
40cc90b617cd,clones/elastic__beats/x-pack/filebeat/module/aws/elb/_meta/terraform/lb.tf,Quoted references are deprecated,warning,resource,"Quoted references are deprecated [resource, warning]",16,13,7,11,True,True,1.0,1.0,1,1
1bf808c9521d,clones/stevenhurwitt__reddit-streaming/terraform/lambda.tf,Reference to undeclared local value,error,resource,"Reference to undeclared local value [resource, error]",16,15,4,11,True,True,1.0,5.0,1,5
3036ad9c5c15,clones/alphagov__di-authentication-api/ci/terraform/modules/public-api-gateway/domain-mapping.tf,Unsupported attribute,error,resource,"Unsupported attribute [resource, error]",16,6,1,10,True,True,1.0,16.0,1,16
d86e81a67b19,clones/Quentin-M__etcd-cloud-operator/terraform/modules/tls/tls.tf,Invalid Configuration for Read-Only Attribute,error,resource,"Invalid Configuration for Read-Only Attribute [resource, error]",16,10,5,9,True,True,2.0,2.0,2,2
9c50d92d9a09,clones/SUSE__skuba/ci/infra/azure/network.tf,Unsupported argument,error,resource,"Unsupported argument [resource, error]",16,16,7,9,True,True,1.0,3.0,1,3
34e9f4434b27,clones/fleetdm__fleet/infrastructure/loadtesting/terraform/infra/providers.tf,Deprecated Parameter,warning,data,"Deprecated Parameter [data, warning]",16,16,8,8,True,True,1.0,1.0,1,1
0f115d63c263,clones/stevenhurwitt__reddit-streaming/terraform/lambda.tf,Reference to undeclared local value,error,resource,"Reference to undeclared local value [resource, error]",16,5,1,8,True,True,2.0,16.0,2,16
00643df4bb6a,clones/stevenhurwitt__reddit-streaming/terraform/cloudwatch.tf,Unsupported argument,error,resource,"Unsupported argument [resource, error]",16,16,10,8,True,True,1.0,2.0,1,2
151a0342599c,clones/grafana__loki/production/terraform/modules/s3/main.tf,Argument is deprecated,warning,resource,"Argument is deprecated [resource, warning]",16,16,9,7,True,True,1.0,1.0,1,1
1ce705a18ed3,clones/coder__coder/provisioner/terraform/testdata/resources/ai-tasks-multiple/main.tf,Argument is deprecated,warning,resource,"Argument is deprecated [resource, warning]",16,16,13,6,True,True,1.0,1.0,1,1
37bef82e270b,clones/alphagov__paas-cf/terraform/cloudfoundry/buckets.tf,Argument is deprecated,warning,resource,"Argument is deprecated [resource, warning]",16,16,11,5,True,True,1.0,1.0,1,1
fa6a66413ae9,clones/umccr__infrastructure/terraform/stacks/umccr_data_portal/data2.tf,Invalid index,error,data,"Invalid index [data, error]",16,3,3,5,True,True,4.0,4.0,4,4
0857c5a581eb,clones/h2oai__sparkling-water/templates/src/terraform/aws/modules/emr_deployment/main.tf,Quoted references are deprecated,warning,data,"Quoted references are deprecated [data, warning]",16,13,8,5,True,True,1.0,2.0,1,2
77c751a13d45,clones/Azure-Samples__miyagi/deploy/infrastructure/terraform/azurerm_virtual_network.tf,Unsupported argument,error,resource,"Unsupported argument [resource, error]",16,15,10,5,True,True,1.0,1.0,1,1
a9ec6604c48b,clones/AztecProtocol__Setup/setup-mpc-map/terraform/main.tf,Unsupported argument,error,resource,"Unsupported argument [resource, error]",16,16,11,5,True,True,1.0,3.0,1,3
3030786330e5,clones/alphagov__paas-cf/terraform/cloudfoundry/nat.tf,Argument is deprecated,warning,resource,"Argument is deprecated [resource, warning]",16,15,11,4,True,True,1.0,1.0,1,1
73dc91bc278b,clones/bhavink__databricks/adb4u/archive/templates/terraform-scripts/adb-pl-latest/unity.tf,Argument is deprecated,warning,resource,"Argument is deprecated [resource, warning]",16,5,1,4,True,True,2.0,2.0,2,2
8004a3e56f21,clones/h2oai__h2o-3/templates/emr/terraform/modules/network/main.tf,Quoted references are deprecated,warning,resource,"Quoted references are deprecated [resource, warning]",16,16,12,4,True,True,1.0,1.0,1,1
a5f7c21c2e6f,clones/elastic__beats/x-pack/filebeat/module/aws/elb/_meta/terraform/bucket.tf,Quoted references are deprecated,warning,resource,"Quoted references are deprecated [resource, warning]",16,16,12,4,True,True,1.0,1.0,1,1
4007c2213095,clones/Azure__avdaccelerator/workload/terraform/modules/azurefiles/afstorage.tf,Reference to undeclared input variable,error,data,"Reference to undeclared input variable [data, error]",16,5,1,4,True,True,3.0,16.0,3,16
c4c917245a02,clones/shellphish__ictf-framework/ares/aws/infrastructure/teaminterface.tf,Reference to undeclared resource,error,resource,"Reference to undeclared resource [resource, error]",16,11,7,4,True,True,2.0,2.0,2,2
ebb34c007ee4,clones/shellphish__ictf-framework/ares/aws/infrastructure/dispatcher.tf,Reference to undeclared resource,error,resource,"Reference to undeclared resource [resource, error]",16,8,4,4,True,True,4.0,4.0,4,4
a2e809750fc8,clones/deckhouse__deckhouse/ee/se-plus/modules/030-cloud-provider-vsphere/candi/terraform-modules/static-node/main.tf,Unsupported argument,error,data,"Unsupported argument [data, error]",16,14,10,4,True,True,1.0,1.0,1,1
b6791ce3dbf2,clones/kevinadhiguna__jiyu/terraform/docker/get-started/main.tf,Deprecated attribute,warning,resource,"Deprecated attribute [resource, warning]",16,10,7,3,True,True,1.0,1.0,1,1
99517ac71db0,clones/Azure__aks-baseline-automation/IaC/terraform/add-ons/aad-pod-identity/aad-pod-identity-assignment.tf,Reference to undeclared input variable,error,resource,"Reference to undeclared input variable [resource, error]",16,12,9,3,True,True,1.0,1.0,1,1
0ceb801f8aff,clones/shellphish__ictf-framework/ares/aws/infrastructure/teamvm.tf,Reference to undeclared resource,error,resource,"Reference to undeclared resource [resource, error]",16,11,8,3,True,True,1.0,1.0,1,1
740d554ed51b,clones/shellphish__ictf-framework/ares/aws/infrastructure/logger.tf,Reference to undeclared resource,error,resource,"Reference to undeclared resource [resource, error]",16,7,4,3,True,True,3.0,3.0,3,3
235202d1a99f,clones/somleng__somleng/infrastructure/modules/somleng/cloudwatch.tf,Unsupported argument,error,resource,"Unsupported argument [resource, error]",16,4,1,3,True,True,7.0,15.0,7,15
69ca7ce3614e,clones/stevenhurwitt__reddit-streaming/terraform/cloudwatch.tf,Missing required argument,error,resource,"Missing required argument [resource, error]",16,13,12,2,True,True,1.0,1.0,1,1
743c58e0c299,clones/weaveworks__build-tools/provisioning/gcp/main.tf,Missing required argument,error,resource,"Missing required argument [resource, error]",16,12,10,2,True,True,1.0,1.0,1,1
99ce28c40835,clones/CDCgov__phdi-azure/terraform/modules/shared/main.tf,Missing required argument,error,resource,"Missing required argument [resource, error]",16,16,14,2,True,True,1.0,1.0,1,1
1cb476cc3faa,clones/shellphish__ictf-framework/ares/aws/infrastructure/router.tf,Reference to undeclared resource,error,resource,"Reference to undeclared resource [resource, error]",16,5,3,2,True,True,5.0,5.0,5,5
c8d411c26343,clones/Azure__FTALive-Sessions/content/ai/enterprise-ml/en/src/deployment/virtual_network.tf,Unsupported argument,error,resource,"Unsupported argument [resource, error]",16,15,13,2,True,True,1.0,1.0,1,1
57fa88253c54,clones/brave__security-action/t3sts/tf/example.tf,Argument is deprecated,warning,resource,"Argument is deprecated [resource, warning]",16,11,10,1,True,True,1.0,1.0,1,1
f2c4e4e53e51,clones/cisagov__crossfeed/infrastructure/matomo.tf,Deprecated attribute,warning,resource,"Deprecated attribute [resource, warning]",16,2,1,1,True,True,9.0,9.0,9,9
d299e3583dbf,clones/wellcomecollection__wellcomecollection.org/preview/terraform/terraform.tf,Invalid backend configuration,error,data,"Invalid backend configuration [data, error]",16,15,14,1,True,True,1.0,2.0,1,2
14b71e94fe3e,clones/microsoft__nxs/apps/vehicle_counting/terraform/modules/app/aks/main.tf,Unsupported argument,error,resource,"Unsupported argument [resource, error]",16,11,10,1,True,True,4.0,4.0,4,4
561aedf10692,clones/AlexsLemonade__refinebio/infrastructure/batch/job_queue.tf,Unsupported argument,error,resource,"Unsupported argument [resource, error]",16,16,15,1,True,True,1.0,1.0,1,1
001320476f01,clones/GoogleCloudPlatform__professional-services/tools/gcp-azure-ha-vpn/azure.tf,Argument is deprecated,warning,resource,"Argument is deprecated [resource, warning]",16,16,16,0,True,True,1.0,1.0,1,1
088b9804058a,clones/coder__coder/scaletest/templates/kubernetes-minimal/main.tf,Argument is deprecated,warning,resource,"Argument is deprecated [resource, warning]",16,8,8,0,True,True,2.0,2.0,2,2
0aecb486a6d4,clones/AztecProtocol__Setup/setup-mpc-server/terraform/main.tf,Argument is deprecated,warning,resource,"Argument is deprecated [resource, warning]",16,6,6,0,True,True,1.0,1.0,1,1
0f615f8b6091,clones/turbot__steampipe-plugin-aws/aws-test/tests/aws_config_aggregate_authorization/variables.tf,Argument is deprecated,warning,resource,"Argument is deprecated [resource, warning]",16,16,16,0,True,True,1.0,1.0,1,1
15c32540c0ec,clones/DataDog__stratus-red-team/v2/internal/attacktechniques/aws/exfiltration/rds-share-snapshot/main.tf,Argument is deprecated,warning,resource,"Argument is deprecated [resource, warning]",16,16,16,0,True,True,1.0,1.0,1,1
4cfd86d9b973,clones/Azure__avdaccelerator/workload/terraform/greenfield/ADDSscenario/afstorage.tf,Argument is deprecated,warning,resource,"Argument is deprecated [resource, warning]",16,16,16,0,True,True,1.0,1.0,1,1
5aac4362f4b2,clones/edgelesssys__constellation/terraform/infrastructure/qemu/main.tf,Argument is deprecated,warning,resource,"Argument is deprecated [resource, warning]",16,16,16,0,True,True,1.0,1.0,1,1
8cee01f99e5f,clones/pagopa__cstar-infrastructure/src/core/observability.tf,Argument is deprecated,warning,resource,"Argument is deprecated [resource, warning]",16,15,15,0,True,True,1.0,1.0,1,1
9d9b8fbcb4cc,clones/GoogleCloudPlatform__professional-services/tools/gcp-azure-ha-vpn/azure.tf,Argument is deprecated,warning,resource,"Argument is deprecated [resource, warning]",16,16,16,0,True,True,1.0,1.0,1,1
f03dc1506483,clones/uc-cdis__cloud-automation/tf_files/aws/storage-gateway/cloud.tf,Argument is deprecated,warning,resource,"Argument is deprecated [resource, warning]",16,6,6,0,True,True,2.0,2.0,2,2
fbf69640bce0,clones/prowler-cloud__prowler/contrib/terraform-kickstarter/main.tf,Argument is deprecated,warning,resource,"Argument is deprecated [resource, warning]",16,1,1,0,True,True,2.0,2.0,2,2
9b8fb69dd54d,clones/GoogleCloudPlatform__gcpdiag/test-data/cloudsql1/project.tf,Attribute Deprecated,warning,resource,"Attribute Deprecated [resource, warning]",16,16,16,0,True,True,1.0,1.0,1,1
b55e4bbbe0fa,clones/oracle__weblogic-kubernetes-operator/integration-tests/src/test/resources/ocne/terraform/1.9/modules/oci-ocne-autoscaling/main.tf,Cannot index a set value,error,resource,"Cannot index a set value [resource, error]",16,12,12,0,True,True,1.0,1.0,1,1
2d29ee3dbc0f,clones/hail-is__hail/infra/gcp-broad/ci/main.tf,Deprecated Resource,warning,resource,"Deprecated Resource [resource, warning]",16,8,8,0,True,True,1.0,1.0,1,1
5770e94e2211,clones/GoogleCloudPlatform__professional-services/tools/vector-search-load-testing-framework/terraform/modules/gke-autopilot/app.tf,Deprecated Resource,warning,resource,"Deprecated Resource [resource, warning]",16,12,12,0,True,True,1.0,1.0,1,1
8010af54e8ba,clones/arriven__db1000n/terraform/aws_eks/modules/kubernetes/main.tf,Deprecated Resource,warning,resource,"Deprecated Resource [resource, warning]",16,1,1,0,True,True,7.0,7.0,7,7
8f0d2cf544c8,clones/arriven__db1000n/terraform/aws_eks/modules/kubernetes/main.tf,Deprecated Resource,warning,resource,"Deprecated Resource [resource, warning]",16,4,4,0,True,True,2.0,2.0,2,2
ded3f138c064,clones/arriven__db1000n/terraform/aws_eks/modules/kubernetes/main.tf,Deprecated Resource,warning,resource,"Deprecated Resource [resource, warning]",16,11,11,0,True,True,4.0,4.0,4,4
308688027089,clones/cloud-custodian__cloud-custodian/tests/terraform/cloudtrail_success_log_metric_filter/main.tf,Deprecated attribute,warning,resource,"Deprecated attribute [resource, warning]",16,1,1,0,True,True,12.0,12.0,12,12
9976fd9d09d9,clones/elastic__beats/metricbeat/module/kubernetes/_meta/terraform/eks/cluster.tf,Deprecated attribute,warning,resource,"Deprecated attribute [resource, warning]",16,2,2,0,True,True,6.0,6.0,6,6
9fe01623ae5a,clones/mumoshu__concourse-aws/main.tf,Incorrect attribute value type,error,resource,"Incorrect attribute value type [resource, error]",16,11,11,0,True,True,1.0,1.0,1,1
8244defa767a,clones/AlexsLemonade__refinebio/infrastructure/disk.tf,Invalid Attribute Combination,warning,resource,"Invalid Attribute Combination [resource, warning]",16,16,16,0,True,True,1.0,1.0,1,1
0096fcfc3b4c,clones/convox__convox/terraform/router/metal/ca.tf,Invalid Configuration for Read-Only Attribute,error,resource,"Invalid Configuration for Read-Only Attribute [resource, error]",16,1,1,0,True,True,2.0,2.0,2,2
39263616d045,clones/HaxeFoundation__haxelib/terraform/providers.tf,Invalid backend configuration,error,data,"Invalid backend configuration [data, error]",16,16,16,0,True,True,1.0,1.0,1,1
0eb3a74aee8c,clones/umccr__infrastructure/terraform/stacks/umccr_data_portal/workflow/wgs_tumor_normal.tf,Invalid index,error,resource,"Invalid index [resource, error]",16,1,1,0,True,True,7.0,7.0,7,7
bee651b38469,clones/umccr__infrastructure/terraform/stacks/umccr_data_portal/app/s3.tf,Invalid index,error,resource,"Invalid index [resource, error]",16,4,4,0,True,True,6.0,6.0,6,6
cecb2d9cc377,clones/umccr__infrastructure/terraform/stacks/umccr_data_portal/data2.tf,Invalid index,error,resource,"Invalid index [resource, error]",16,11,11,0,True,True,1.0,1.0,1,1
08568c24d614,clones/google__nomulus/proxy/terraform/modules/iam.tf,Missing required argument,error,resource,"Missing required argument [resource, error]",16,16,16,0,True,True,1.0,1.0,1,1
3e0dcd90f536,clones/GoogleCloudPlatform__professional-services/tools/firewall-enforcer/main.tf,Missing required argument,error,resource,"Missing required argument [resource, error]",16,16,16,0,True,True,1.0,1.0,1,1
0785b5a02144,clones/uc-cdis__cloud-automation/tf_files/aws/modules/squid/cloud.tf,Missing resource instance key,error,resource,"Missing resource instance key [resource, error]",16,13,13,0,True,True,1.0,1.0,1,1
39776035416d,clones/uc-cdis__cloud-automation/tf_files/aws/modules/squid/cloud.tf,Missing resource instance key,error,resource,"Missing resource instance key [resource, error]",16,16,16,0,True,True,1.0,1.0,1,1
e41dac25508d,clones/uc-cdis__cloud-automation/tf_files/aws/modules/squid/cloud.tf,Missing resource instance key,error,resource,"Missing resource instance key [resource, error]",16,14,14,0,True,True,1.0,1.0,1,1
8368d48feb34,clones/uc-cdis__cloud-automation/tf_files/aws/modules/squid/cloud.tf,Quoted references are deprecated,warning,data,"Quoted references are deprecated [data, warning]",16,13,13,0,True,True,1.0,1.0,1,1
a3cf424153f4,clones/h2oai__h2o-3/templates/emr/terraform/modules/emr/main.tf,Quoted references are deprecated,warning,data,"Quoted references are deprecated [data, warning]",16,2,2,0,True,True,13.0,13.0,13,13
0f2cea1c2950,clones/AztecProtocol__Setup/setup-iac/us-east-2/main.tf,Quoted references are deprecated,warning,resource,"Quoted references are deprecated [resource, warning]",16,15,15,0,True,True,1.0,1.0,1,1
429b83558060,clones/uc-cdis__cloud-automation/tf_files/aws/modules/squid/cloud.tf,Quoted references are deprecated,warning,resource,"Quoted references are deprecated [resource, warning]",16,7,7,0,True,True,3.0,3.0,3,3
51a2d2f8c16e,clones/uc-cdis__cloud-automation/tf_files/aws/storage-gateway/cloud.tf,Quoted references are deprecated,warning,resource,"Quoted references are deprecated [resource, warning]",16,9,9,0,True,True,1.0,1.0,1,1
6ede4fca8440,clones/AztecProtocol__Setup/setup-iac/us-east-2/main.tf,Quoted references are deprecated,warning,resource,"Quoted references are deprecated [resource, warning]",16,13,13,0,True,True,1.0,1.0,1,1
7009b6efc0de,clones/newscorp-ghfb__NewsKit/terraform/s3/prod-newskit/s3.tf,Quoted references are deprecated,warning,resource,"Quoted references are deprecated [resource, warning]",16,16,16,0,True,True,1.0,1.0,1,1
72abfc8e90c7,clones/cloudfoundry__bosh-bootloader/storage/fixtures/upped/terraform/bbl-template.tf,Quoted references are deprecated,warning,resource,"Quoted references are deprecated [resource, warning]",16,16,16,0,True,True,1.0,1.0,1,1
8e807b5ccf25,clones/h2oai__h2o-3/templates/emr/terraform/modules/network/main.tf,Quoted references are deprecated,warning,resource,"Quoted references are deprecated [resource, warning]",16,14,14,0,True,True,1.0,1.0,1,1
a4982f6d9b3a,clones/AztecProtocol__Setup/setup-iac/us-east-2/main.tf,Quoted references are deprecated,warning,resource,"Quoted references are deprecated [resource, warning]",16,11,11,0,True,True,1.0,1.0,1,1
bda75011bc0f,clones/linkedin__iris/ops/terraform/private.tf,Quoted references are deprecated,warning,resource,"Quoted references are deprecated [resource, warning]",16,15,15,0,True,True,1.0,1.0,1,1
d1706d6967a6,clones/elastic__beats/x-pack/filebeat/module/aws/elb/_meta/terraform/elb.tf,Quoted references are deprecated,warning,resource,"Quoted references are deprecated [resource, warning]",16,9,9,0,True,True,1.0,1.0,1,1
dcbf0f783baf,clones/uc-cdis__cloud-automation/tf_files/aws/modules/squid/cloud.tf,Quoted references are deprecated,warning,resource,"Quoted references are deprecated [resource, warning]",16,5,5,0,True,True,3.0,3.0,3,3
e7c4ead33309,clones/linkedin__iris/ops/terraform/private.tf,Quoted references are deprecated,warning,resource,"Quoted references are deprecated [resource, warning]",16,13,13,0,True,True,1.0,1.0,1,1
82a8e1009b2d,clones/uc-cdis__cloud-automation/tf_files/aws/storage-gateway/data.tf,"Reference to ""count"" in non-counted context",error,data,"Reference to ""count"" in non-counted context [data, error]",16,3,3,0,True,True,2.0,2.0,2,2
85b42da5d28f,clones/Azure__avdaccelerator/workload/terraform/modules/netapp/netappfiles.tf,Reference to undeclared input variable,error,resource,"Reference to undeclared input variable [resource, error]",16,9,9,0,True,True,1.0,1.0,1,1
d1575a98e688,clones/Azure__avdaccelerator/workload/terraform/modules/netapp/netappfiles.tf,Reference to undeclared input variable,error,resource,"Reference to undeclared input variable [resource, error]",16,2,2,0,True,True,3.0,3.0,3,3
e64f929aba27,clones/Azure__avdaccelerator/workload/terraform/modules/netapp/netappfiles.tf,Reference to undeclared input variable,error,resource,"Reference to undeclared input variable [resource, error]",16,4,4,0,True,True,2.0,2.0,2,2
24d6f145d29f,clones/shellphish__ictf-framework/ares/aws/infrastructure/database.tf,Reference to undeclared resource,error,resource,"Reference to undeclared resource [resource, error]",16,8,8,0,True,True,2.0,2.0,2,2
6a1ef453559e,clones/Azure__avdaccelerator/workload/terraform/modules/netapp/netappfiles.tf,Reference to undeclared resource,error,resource,"Reference to undeclared resource [resource, error]",16,3,3,0,True,True,4.0,4.0,4,4
81e8d5cedb33,clones/kevinadhiguna__jiyu/terraform/aws/practice/main.tf,Reference to undeclared resource,error,resource,"Reference to undeclared resource [resource, error]",16,2,2,0,True,True,2.0,2.0,2,2
8324381ff1a6,clones/cloudfoundry__bosh-bootloader/terraform/gcp/templates/cf_lb.tf,Reference to undeclared resource,error,resource,"Reference to undeclared resource [resource, error]",16,1,1,0,True,True,5.0,5.0,5,5
97f43a6e5ad2,clones/jitsi__infra-provisioning/terraform/vcn/create-vcn.tf,Reference to undeclared resource,error,resource,"Reference to undeclared resource [resource, error]",16,14,14,0,True,True,1.0,1.0,1,1
9ab98d1f0c6a,clones/shellphish__ictf-framework/ares/aws/infrastructure/scoreboard.tf,Reference to undeclared resource,error,resource,"Reference to undeclared resource [resource, error]",16,8,8,0,True,True,1.0,1.0,1,1
836133d0b16a,clones/Azure__aks-baseline-automation/IaC/terraform/add-ons/aad-pod-identity/build/kustomization_build.tf,Unsupported argument,error,data,"Unsupported argument [data, error]",16,12,12,0,True,True,1.0,1.0,1,1
0c9c2e99f440,clones/Azure__avdaccelerator/workload/terraform/modules/network/routetable.tf,Unsupported argument,error,resource,"Unsupported argument [resource, error]",16,16,16,0,True,True,1.0,1.0,1,1
216db27dde5e,clones/rabbitmq__rabbitmq-ct-helpers/tools/terraform/autoscaling-group/main.tf,Unsupported argument,error,resource,"Unsupported argument [resource, error]",16,12,12,0,True,True,1.0,1.0,1,1
22dc479d8f69,clones/AlexsLemonade__refinebio/infrastructure/batch/compute.tf,Unsupported argument,error,resource,"Unsupported argument [resource, error]",16,5,5,0,True,True,1.0,1.0,1,1
27d2f90efc01,clones/Azure__FTALive-Sessions/content/ai/enterprise-ml/en/src/deployment/virtual_network.tf,Unsupported argument,error,resource,"Unsupported argument [resource, error]",16,14,14,0,True,True,1.0,1.0,1,1
2d932d7a6210,clones/somleng__somleng/infrastructure/modules/somleng/ecs.tf,Unsupported argument,error,resource,"Unsupported argument [resource, error]",16,13,13,0,True,True,1.0,1.0,1,1
4e66b46eba4e,clones/kevinadhiguna__jiyu/terraform/gcp/gcp-mini-infra/main.tf,Unsupported argument,error,resource,"Unsupported argument [resource, error]",16,16,16,0,True,True,1.0,1.0,1,1
540efdc06980,clones/microsoft__nxs/terraform/modules/nxs-oss/redis_cache/main.tf,Unsupported argument,error,resource,"Unsupported argument [resource, error]",16,15,15,0,True,True,1.0,1.0,1,1
593dc8321ab1,clones/stevenhurwitt__reddit-streaming/terraform/glue_schedules.tf,Unsupported argument,error,resource,"Unsupported argument [resource, error]",16,16,16,0,True,True,1.0,1.0,1,1
632688e0189b,clones/redpanda-data__openmessaging-benchmark/driver-msk/deploy/provision-msk.tf,Unsupported argument,error,resource,"Unsupported argument [resource, error]",16,9,9,0,True,True,1.0,1.0,1,1
76ceb460e661,clones/h2oai__h2o-3/templates/emr/terraform/modules/network/main.tf,Unsupported argument,error,resource,"Unsupported argument [resource, error]",16,16,16,0,True,True,1.0,1.0,1,1
91f50ac6fc2c,clones/somleng__somleng/infrastructure/modules/somleng/cloudwatch.tf,Unsupported argument,error,resource,"Unsupported argument [resource, error]",16,16,16,0,True,True,1.0,1.0,1,1
9ed7ab44cd6c,clones/sei-protocol__sei-chain/sei-tendermint/networks/remote/terraform/cluster/main.tf,Unsupported argument,error,resource,"Unsupported argument [resource, error]",16,6,6,0,True,True,6.0,6.0,6,6
a96138d2005f,clones/somleng__somleng/infrastructure/modules/somleng/cloudwatch.tf,Unsupported argument,error,resource,"Unsupported argument [resource, error]",16,1,1,0,True,True,7.0,7.0,7,7
b54bde234022,clones/somleng__somleng/infrastructure/modules/somleng/cloudfront.tf,Unsupported argument,error,resource,"Unsupported argument [resource, error]",16,15,15,0,True,True,1.0,1.0,1,1
ca09187e68fc,clones/dirien__quick-bites/goreleaser-blob/infrastructure/blob.tf,Unsupported argument,error,resource,"Unsupported argument [resource, error]",16,11,11,0,True,True,1.0,1.0,1,1
cbf6eaa05b3a,clones/h2oai__h2o-3/templates/emr/terraform/modules/network/main.tf,Unsupported argument,error,resource,"Unsupported argument [resource, error]",16,12,12,0,True,True,1.0,1.0,1,1
e2ee2b2b6599,clones/center-for-threat-informed-defense__adversary_emulation_library/turla/Resources/setup/terraform/modules/linuxsrv-latest-static/main.tf,Unsupported argument,error,resource,"Unsupported argument [resource, error]",16,16,16,0,True,True,1.0,1.0,1,1
e75264e4f7be,clones/kevinadhiguna__jiyu/terraform/aws/practice/main.tf,Unsupported argument,error,resource,"Unsupported argument [resource, error]",16,16,16,0,True,True,1.0,1.0,1,1
eee325d6008e,clones/CDCgov__phdi-azure/terraform/modules/shared/main.tf,Unsupported argument,error,resource,"Unsupported argument [resource, error]",16,16,16,0,True,True,1.0,1.0,1,1
f7afee92556e,clones/GoogleCloudPlatform__professional-services/tools/ipam-autopilot/infrastructure/cloudsql.tf,Unsupported argument,error,resource,"Unsupported argument [resource, error]",16,6,6,0,True,True,1.0,1.0,1,1
0619e9463ab5,clones/coder__coder/provisioner/terraform/testdata/resources/devcontainer-resources/devcontainer-resources.tf,Unsupported attribute,error,resource,"Unsupported attribute [resource, error]",16,16,16,0,True,True,1.0,1.0,1,1
d57d6fa43c99,clones/coder__coder/provisioner/terraform/testdata/resources/devcontainer-resources/devcontainer-resources.tf,Unsupported attribute,error,resource,"Unsupported attribute [resource, error]",16,16,16,0,True,True,1.0,1.0,1,1
e245d91f7eea,clones/CDCgov__phdi-azure/terraform/modules/shared/main.tf,Unsupported attribute,error,resource,"Unsupported attribute [resource, error]",16,10,10,0,True,True,2.0,2.0,2,2
f88eb2d924af,clones/coder__coder/provisioner/terraform/testdata/resources/devcontainer-resources/devcontainer-resources.tf,Unsupported attribute,error,resource,"Unsupported attribute [resource, error]",16,16,16,0,True,True,1.0,1.0,1,1
d4c940ec79ee,clones/vmenajr__mongo/colonizer/sources.tf,Unsupported block type,error,data,"Unsupported block type [data, error]",16,9,9,0,True,True,3.0,3.0,3,3
f8161d2b603a,clones/linkedin__iris/ops/terraform/iris.tf,Unsupported block type,error,data,"Unsupported block type [data, error]",16,10,10,0,True,True,1.0,1.0,1,1
68148d24c6f4,clones/weaveworks__build-tools/provisioning/gcp/main.tf,Unsupported block type,error,resource,"Unsupported block type [resource, error]",16,16,16,0,True,True,1.0,1.0,1,1
99851e046a12,clones/mumoshu__concourse-aws/main.tf,Unsupported block type,error,resource,"Unsupported block type [resource, error]",16,11,11,0,True,True,1.0,1.0,1,1
d6e71b145316,clones/weaveworks__build-tools/provisioning/aws/main.tf,Unsupported block type,error,resource,"Unsupported block type [resource, error]",16,16,16,0,True,True,1.0,1.0,1,1
