iteration_id,iteration_order,problem_type_label,introduced_type_label,scope_granularity,transition_count,affected_repairs
1,1,"Unsupported block type [resource, error]","Unsupported block type [resource, error]",same_file_other_block,7,1
1,1,"Argument is deprecated [resource, warning]","Unsupported block type [resource, error]",same_block,6,3
1,1,"Deprecated Resource [resource, warning]","Reference to undeclared resource [resource, error]",same_file_other_block,4,4
1,1,"Deprecated Resource [resource, warning]","Unsupported argument [resource, error]",same_block,4,2
1,1,"Argument is deprecated [resource, warning]","Unsupported argument [resource, error]",same_block,4,1
1,1,"Missing resource instance key [resource, error]","Invalid character [resource, error]",same_block,4,1
1,1,"Reference to undeclared resource [resource, error]","Reference to undeclared input variable [resource, error]",same_block,4,1
1,1,"Unsupported block type [resource, error]","Invalid character [resource, error]",same_block,4,1
1,1,"Unsupported block type [resource, error]","Unsupported block type [resource, error]",same_module_other_file,3,1
1,1,"Deprecated Resource [resource, warning]","Missing required provider [Unknown, error]",same_module_other_file,2,2
1,1,"Deprecated Resource [data, warning]","Reference to undeclared input variable [data, error]",same_block,2,1
1,1,"Deprecated Resource [data, warning]","Reference to undeclared resource [provider, error]",same_file_other_block,2,1
1,1,"Deprecated attribute [resource, warning]","Invalid multi-line string [resource, error]",same_block,2,1
1,1,"Quoted references are deprecated [resource, warning]","Attribute name required [resource, error]",same_block,2,1
1,1,"Unsupported argument [resource, error]","Deprecated Resource [resource, warning]",same_module_other_file,2,1
1,1,"Argument is deprecated [resource, warning]","Duplicate lifecycle block [resource, error]",same_block,1,1
1,1,"Attribute Deprecated [resource, warning]","Invalid multi-line string [resource, error]",same_block,1,1
1,1,"Attribute Deprecated [resource, warning]","Unterminated template string [resource, error]",same_block,1,1
1,1,"Deprecated Resource [data, warning]","Reference to undeclared resource [output, error]",same_module_other_file,1,1
1,1,"Deprecated Resource [resource, warning]","Invalid resource type [resource, error]",same_block,1,1
1,1,"Deprecated Resource [resource, warning]","Missing required argument [resource, error]",same_block,1,1
1,1,"Deprecated Resource [resource, warning]","Reference to undeclared resource [locals, error]",same_file_other_block,1,1
1,1,"Deprecated Resource [resource, warning]","Reference to undeclared resource [module, error]",same_file_other_block,1,1
1,1,"Deprecated Resource [resource, warning]","Unsupported block type [resource, error]",same_block,1,1
1,1,"Deprecated Resource [resource, warning]","Value for unconfigurable attribute [resource, error]",same_block,1,1
1,1,"Deprecated [data, warning]","Argument or block definition required [data, error]",same_block,1,1
1,1,"Deprecated attribute [resource, warning]","Unterminated template string [resource, error]",same_block,1,1
1,1,"Error in function call [resource, error]","Missing attribute value [resource, error]",same_block,1,1
1,1,"Incorrect attribute value type [resource, error]","Unsupported argument [resource, error]",same_file_other_block,1,1
1,1,"Invalid backend configuration [data, error]","Unsupported argument [data, error]",same_block,1,1
1,1,"Missing required argument [resource, error]","Missing newline after argument [resource, error]",same_block,1,1
1,1,"Missing resource instance key [resource, error]","Missing item separator [resource, error]",same_block,1,1
1,1,"Quoted references are deprecated [data, warning]","Invalid expression [data, error]",same_block,1,1
1,1,"Quoted references are deprecated [resource, warning]","Missing newline after argument [resource, error]",same_block,1,1
1,1,"Reference to undeclared local value [resource, error]","Reference to undeclared input variable [resource, error]",same_block,1,1
1,1,"Unsupported argument [data, error]","Unsupported attribute [resource, error]",same_file_other_block,1,1
1,1,"Unsupported argument [resource, error]","Deprecated Resource [resource, warning]",same_block,1,1
1,1,"Unsupported argument [resource, error]","Deprecated attribute [data, warning]",same_file_other_block,1,1
1,1,"Unsupported argument [resource, error]","Incorrect attribute value type [resource, error]",same_block,1,1
1,1,"Unsupported argument [resource, error]","Missing newline after argument [resource, error]",same_block,1,1
1,1,"Unsupported argument [resource, error]","Unsupported argument [resource, error]",same_file_other_block,1,1
1,1,"Unsupported argument [resource, error]","Unsupported attribute [output, error]",same_file_other_block,1,1
1,1,"Unsupported argument [resource, error]","Unsupported block type [resource, error]",same_block,1,1
1,1,"Unsupported attribute [resource, error]","Missing required argument [resource, error]",same_block,1,1
1,1,"Unsupported attribute [resource, error]","Unsupported argument [resource, error]",same_block,1,1
1,1,"Unsupported attribute [resource, error]","Unsupported attribute [resource, error]",same_file_other_block,1,1
1,1,"Unsupported block type [resource, error]","Missing item separator [resource, error]",same_block,1,1
1,1,"Unsupported block type [resource, error]","Unsupported argument [resource, error]",same_block,1,1
1,1,"Unsupported block type [resource, error]","Unsupported argument [resource, error]",same_file_other_block,1,1
2,2,"Missing resource instance key [resource, error]","Invalid multi-line string [resource, error]",same_file_other_block,123,1
2,2,"Missing resource instance key [resource, error]","Invalid multi-line string [resource, error]",same_block,41,1
2,2,"Missing resource instance key [resource, error]","Invalid character [resource, error]",same_file_other_block,38,1
2,2,"Missing resource instance key [resource, error]","Invalid character [resource, error]",same_block,16,2
2,2,"Missing resource instance key [resource, error]","Invalid multi-line string [provider, error]",same_file_other_block,9,1
2,2,"Unsupported block type [resource, error]","Unsupported block type [resource, error]",same_file_other_block,7,1
2,2,"Error in function call [resource, error]","Error in function call [output, error]",same_module_other_file,6,1
2,2,"Deprecated Resource [resource, warning]","Unsupported argument [resource, error]",same_block,5,3
2,2,"Deprecated Resource [resource, warning]","Reference to undeclared resource [resource, error]",same_file_other_block,4,3
2,2,"Reference to undeclared resource [resource, error]","Reference to undeclared input variable [resource, error]",same_block,4,1
2,2,"Unsupported block type [resource, error]","Invalid character [resource, error]",same_block,4,1
2,2,"Argument is deprecated [resource, warning]","Unsupported block type [resource, error]",same_block,3,3
2,2,"Unsupported block type [resource, error]","Unsupported block type [resource, error]",same_module_other_file,3,1
2,2,"Deprecated Resource [data, warning]","Reference to undeclared resource [output, error]",same_module_other_file,2,2
2,2,"Deprecated Resource [resource, warning]","Missing required provider [Unknown, error]",same_module_other_file,2,2
2,2,"Deprecated Resource [data, warning]","Reference to undeclared resource [locals, error]",same_file_other_block,2,1
2,2,"Deprecated Resource [data, warning]","Reference to undeclared resource [provider, error]",same_file_other_block,2,1
2,2,"Deprecated Resource [resource, warning]","Reference to undeclared input variable [resource, error]",same_block,2,1
2,2,"Deprecated Resource [resource, warning]","Reference to undeclared resource [output, error]",same_module_other_file,2,1
2,2,"Deprecated attribute [resource, warning]","Invalid multi-line string [resource, error]",same_block,2,1
2,2,"Missing resource instance key [resource, error]","Invalid character [provider, error]",same_file_other_block,2,1
2,2,"Quoted references are deprecated [resource, warning]","Invalid depends_on reference [resource, error]",same_block,2,1
2,2,"Reference to undeclared local value [resource, error]","Reference to undeclared resource [resource, error]",same_block,2,1
2,2,"Unsupported argument [resource, error]","Deprecated Resource [resource, warning]",same_module_other_file,2,1
2,2,"Argument is deprecated [resource, warning]","parsing Azure ID: parse """": empty url [resource, error]",same_block,1,1
2,2,"Attribute Deprecated [resource, warning]","Invalid multi-line string [resource, error]",same_block,1,1
2,2,"Attribute Deprecated [resource, warning]","Unterminated template string [resource, error]",same_block,1,1
2,2,"Deprecated Parameter [data, warning]","Unsupported argument [data, error]",same_block,1,1
2,2,"Deprecated Resource [data, warning]","Invalid resource type [resource, error]",same_block,1,1
2,2,"Deprecated Resource [resource, warning]","Argument is deprecated [resource, warning]",same_block,1,1
2,2,"Deprecated Resource [resource, warning]","Missing required argument [resource, error]",same_block,1,1
2,2,"Deprecated Resource [resource, warning]","Reference to undeclared resource [locals, error]",same_file_other_block,1,1
2,2,"Deprecated [data, warning]","Argument or block definition required [data, error]",same_block,1,1
2,2,"Deprecated attribute [resource, warning]","Unterminated template string [resource, error]",same_block,1,1
2,2,"Error in function call [resource, error]","Missing resource instance key [resource, error]",same_file_other_block,1,1
2,2,"Incorrect attribute value type [resource, error]","Unsupported argument [resource, error]",same_file_other_block,1,1
2,2,"Incorrect attribute value type [resource, error]","Unsupported attribute [resource, error]",same_block,1,1
2,2,"Invalid Attribute Combination [resource, warning]","Invalid String Enum Value [resource, error]",same_block,1,1
2,2,"Invalid index [data, error]","Value for unconfigurable attribute [data, error]",same_block,1,1
2,2,"Missing required argument [resource, error]","Missing newline after argument [resource, error]",same_block,1,1
2,2,"Missing resource instance key [resource, error]","Missing item separator [resource, error]",same_block,1,1
2,2,"Missing resource instance key [resource, error]","Missing newline after argument [resource, error]",same_block,1,1
2,2,"Quoted references are deprecated [resource, warning]","Missing newline after argument [resource, error]",same_block,1,1
2,2,"Reference to undeclared local value [resource, error]","Reference to undeclared input variable [resource, error]",same_block,1,1
2,2,"Unsupported argument [data, error]","Invalid or unknown key [data, error]",same_block,1,1
2,2,"Unsupported argument [data, error]","Unsupported attribute [resource, error]",same_file_other_block,1,1
2,2,"Unsupported argument [resource, error]","Deprecated Resource [resource, warning]",same_file_other_block,1,1
2,2,"Unsupported argument [resource, error]","Deprecated attribute [data, warning]",same_file_other_block,1,1
2,2,"Unsupported argument [resource, error]","Incorrect attribute value type [resource, error]",same_block,1,1
2,2,"Unsupported argument [resource, error]","Unsupported attribute [output, error]",same_file_other_block,1,1
2,2,"Unsupported argument [resource, error]","Unsupported block type [resource, error]",same_block,1,1
2,2,"Unsupported argument [resource, error]","expected private_endpoint_network_policies to be one of [""Disabled"" ""Enabled"" ""NetworkSecurityGroupEnabled"" ""RouteTableEnabled""], got false [resource, error]",same_block,1,1
2,2,"Unsupported attribute [resource, error]","Missing required argument [resource, error]",same_block,1,1
2,2,"Unsupported attribute [resource, error]","Unsupported argument [resource, error]",same_block,1,1
2,2,"Unsupported attribute [resource, error]","Unsupported attribute [resource, error]",same_file_other_block,1,1
2,2,"Unsupported block type [resource, error]","Incorrect attribute value type [resource, error]",same_block,1,1
2,2,"Unsupported block type [resource, error]","Missing item separator [resource, error]",same_block,1,1
2,2,"Unsupported block type [resource, error]","Reference to undeclared input variable [resource, error]",same_block,1,1
2,2,"Unsupported block type [resource, error]","Unsupported argument [resource, error]",same_block,1,1
2,2,"Unsupported block type [resource, error]","Unsupported argument [resource, error]",same_file_other_block,1,1
3,3,"Deprecated Resource [resource, warning]","Reference to undeclared resource [resource, error]",same_file_other_block,7,6
3,3,"Unsupported block type [resource, error]","Unsupported block type [resource, error]",same_file_other_block,7,1
3,3,"Error in function call [resource, error]","Error in function call [output, error]",same_module_other_file,6,1
3,3,"Reference to undeclared resource [resource, error]","Reference to undeclared input variable [resource, error]",same_block,5,2
3,3,"Deprecated Resource [resource, warning]","Unsupported argument [resource, error]",same_block,4,2
3,3,"Missing resource instance key [resource, error]","Invalid character [resource, error]",same_block,4,1
3,3,"Unsupported block type [resource, error]","Invalid character [resource, error]",same_block,4,1
3,3,"Deprecated Resource [data, warning]","Reference to undeclared input variable [data, error]",same_block,3,1
3,3,"Unsupported block type [resource, error]","Unsupported block type [resource, error]",same_module_other_file,3,1
3,3,"Argument is deprecated [resource, warning]","Unsupported block type [resource, error]",same_block,2,2
3,3,"Deprecated Resource [data, warning]","Reference to undeclared resource [provider, error]",same_file_other_block,2,1
3,3,"Deprecated Resource [resource, warning]","Reference to undeclared input variable [resource, error]",same_block,2,1
3,3,"Deprecated Resource [resource, warning]","Reference to undeclared resource [output, error]",same_module_other_file,2,1
3,3,"Deprecated attribute [resource, warning]","Invalid multi-line string [resource, error]",same_block,2,1
3,3,"Quoted references are deprecated [resource, warning]","Invalid depends_on reference [resource, error]",same_block,2,1
3,3,"Argument is deprecated [resource, warning]","Error in function call [resource, error]",same_block,1,1
3,3,"Attribute Deprecated [resource, warning]","Invalid multi-line string [resource, error]",same_block,1,1
3,3,"Attribute Deprecated [resource, warning]","Unterminated template string [resource, error]",same_block,1,1
3,3,"Deprecated Parameter [data, warning]","Unsupported argument [data, error]",same_block,1,1
3,3,"Deprecated Resource [data, warning]","Invalid resource type [resource, error]",same_block,1,1
3,3,"Deprecated Resource [data, warning]","Reference to undeclared resource [output, error]",same_module_other_file,1,1
3,3,"Deprecated Resource [data, warning]","Reference to undeclared resource [resource, error]",same_file_other_block,1,1
3,3,"Deprecated Resource [resource, warning]","Invalid resource type [resource, error]",same_block,1,1
3,3,"Deprecated Resource [resource, warning]","Missing required argument [resource, error]",same_block,1,1
3,3,"Deprecated Resource [resource, warning]","Missing required provider [Unknown, error]",same_module_other_file,1,1
3,3,"Deprecated Resource [resource, warning]","Reference to undeclared resource [locals, error]",same_file_other_block,1,1
3,3,"Deprecated Resource [resource, warning]","Reference to undeclared resource [module, error]",same_file_other_block,1,1
3,3,"Deprecated Resource [resource, warning]","Unsupported block type [resource, error]",same_block,1,1
3,3,"Deprecated [data, warning]","Argument or block definition required [data, error]",same_block,1,1
3,3,"Deprecated attribute [resource, warning]","Unterminated template string [resource, error]",same_block,1,1
3,3,"Error in function call [resource, error]","Missing resource instance key [resource, error]",same_file_other_block,1,1
3,3,"Incorrect attribute value type [resource, error]","Unsupported argument [resource, error]",same_file_other_block,1,1
3,3,"Invalid Configuration for Read-Only Attribute [resource, error]","Missing required argument [resource, error]",same_block,1,1
3,3,"Missing required argument [resource, error]","""event_pattern"" contains an invalid JSON: invalid character '.' looking for beginning of value [resource, error]",same_block,1,1
3,3,"Missing resource instance key [resource, error]","Missing item separator [resource, error]",same_block,1,1
3,3,"Reference to undeclared input variable [data, error]","Reference to undeclared resource [data, error]",same_block,1,1
3,3,"Reference to undeclared local value [resource, error]","Reference to undeclared input variable [resource, error]",same_block,1,1
3,3,"Unsupported argument [data, error]","Invalid or unknown key [data, error]",same_block,1,1
3,3,"Unsupported argument [data, error]","Unsupported attribute [resource, error]",same_file_other_block,1,1
3,3,"Unsupported argument [resource, error]","Deprecated Resource [resource, warning]",same_file_other_block,1,1
3,3,"Unsupported argument [resource, error]","Deprecated attribute [data, warning]",same_file_other_block,1,1
3,3,"Unsupported argument [resource, error]","Unsupported attribute [output, error]",same_file_other_block,1,1
3,3,"Unsupported attribute [resource, error]","Unsupported attribute [resource, error]",same_file_other_block,1,1
3,3,"Unsupported block type [resource, error]","Missing item separator [resource, error]",same_block,1,1
3,3,"Unsupported block type [resource, error]","Unsupported argument [resource, error]",same_block,1,1
3,3,"Unsupported block type [resource, error]","Unsupported argument [resource, error]",same_file_other_block,1,1
4,4,"Unsupported block type [resource, error]","Unsupported block type [resource, error]",same_file_other_block,7,1
4,4,"Argument is deprecated [resource, warning]","Unsupported block type [resource, error]",same_block,6,3
4,4,"Error in function call [resource, error]","Error in function call [output, error]",same_module_other_file,6,1
4,4,"Deprecated Resource [resource, warning]","Unsupported argument [resource, error]",same_block,4,2
4,4,"Argument is deprecated [resource, warning]","Unsupported argument [resource, error]",same_block,4,1
4,4,"Missing resource instance key [resource, error]","Invalid character [resource, error]",same_block,4,1
4,4,"Reference to undeclared resource [resource, error]","Reference to undeclared input variable [resource, error]",same_block,4,1
4,4,"Unsupported block type [resource, error]","Invalid character [resource, error]",same_block,4,1
4,4,"Unsupported block type [resource, error]","Unsupported block type [resource, error]",same_module_other_file,3,1
4,4,"Deprecated Resource [resource, warning]","Missing required provider [Unknown, error]",same_module_other_file,2,2
4,4,"Deprecated Resource [resource, warning]","Reference to undeclared resource [resource, error]",same_file_other_block,2,2
4,4,"Deprecated Resource [data, warning]","Reference to undeclared input variable [data, error]",same_block,2,1
4,4,"Deprecated Resource [data, warning]","Reference to undeclared resource [provider, error]",same_file_other_block,2,1
4,4,"Deprecated Resource [resource, warning]","Reference to undeclared input variable [resource, error]",same_block,2,1
4,4,"Deprecated Resource [resource, warning]","Reference to undeclared resource [output, error]",same_module_other_file,2,1
4,4,"Deprecated attribute [resource, warning]","Invalid multi-line string [resource, error]",same_block,2,1
4,4,"Unsupported argument [resource, error]","Deprecated Resource [resource, warning]",same_module_other_file,2,1
4,4,"Argument is deprecated [resource, warning]","Duplicate lifecycle block [resource, error]",same_block,1,1
4,4,"Attribute Deprecated [resource, warning]","Invalid multi-line string [resource, error]",same_block,1,1
4,4,"Attribute Deprecated [resource, warning]","Unterminated template string [resource, error]",same_block,1,1
4,4,"Deprecated Resource [data, warning]","Reference to undeclared resource [output, error]",same_module_other_file,1,1
4,4,"Deprecated Resource [resource, warning]","Missing required argument [resource, error]",same_block,1,1
4,4,"Deprecated Resource [resource, warning]","Reference to undeclared resource [locals, error]",same_file_other_block,1,1
4,4,"Deprecated Resource [resource, warning]","Unsupported block type [resource, error]",same_block,1,1
4,4,"Deprecated [data, warning]","Argument or block definition required [data, error]",same_block,1,1
4,4,"Deprecated attribute [resource, warning]","Unterminated template string [resource, error]",same_block,1,1
4,4,"Error in function call [resource, error]","Missing resource instance key [resource, error]",same_file_other_block,1,1
4,4,"Incorrect attribute value type [resource, error]","Unsupported argument [resource, error]",same_file_other_block,1,1
4,4,"Invalid Configuration for Read-Only Attribute [resource, error]","Missing required argument [resource, error]",same_block,1,1
4,4,"Missing required argument [resource, error]","Missing newline after argument [resource, error]",same_block,1,1
4,4,"Missing required argument [resource, error]","Missing resource instance key [resource, error]",same_block,1,1
4,4,"Missing resource instance key [resource, error]","Missing item separator [resource, error]",same_block,1,1
4,4,"Quoted references are deprecated [resource, warning]","Invalid character [resource, error]",same_block,1,1
4,4,"Quoted references are deprecated [resource, warning]","Missing newline after argument [resource, error]",same_block,1,1
4,4,"Reference to undeclared local value [resource, error]","Reference to undeclared input variable [resource, error]",same_block,1,1
4,4,"Unsupported argument [data, error]","Unsupported attribute [resource, error]",same_file_other_block,1,1
4,4,"Unsupported argument [resource, error]","Incorrect attribute value type [resource, error]",same_block,1,1
4,4,"Unsupported argument [resource, error]","Missing newline after argument [resource, error]",same_block,1,1
4,4,"Unsupported argument [resource, error]","Unsupported argument [resource, error]",same_file_other_block,1,1
4,4,"Unsupported attribute [resource, error]","Unsupported attribute [resource, error]",same_file_other_block,1,1
4,4,"Unsupported block type [resource, error]","Missing item separator [resource, error]",same_block,1,1
4,4,"Unsupported block type [resource, error]","Unsupported argument [resource, error]",same_block,1,1
4,4,"Unsupported block type [resource, error]","Unsupported argument [resource, error]",same_file_other_block,1,1
5,5,"Unsupported block type [resource, error]","Unsupported block type [resource, error]",same_file_other_block,7,1
5,5,"Deprecated Resource [resource, warning]","Reference to undeclared resource [resource, error]",same_file_other_block,6,5
5,5,"Error in function call [resource, error]","Error in function call [output, error]",same_module_other_file,6,1
5,5,"Deprecated Resource [resource, warning]","Unsupported argument [resource, error]",same_block,4,2
5,5,"Missing resource instance key [resource, error]","Invalid character [resource, error]",same_block,4,1
5,5,"Unsupported block type [resource, error]","Invalid character [resource, error]",same_block,4,1
5,5,"Unsupported block type [resource, error]","Unsupported block type [resource, error]",same_module_other_file,3,1
5,5,"Deprecated Resource [resource, warning]","Missing required provider [Unknown, error]",same_module_other_file,2,2
5,5,"Reference to undeclared resource [resource, error]","Reference to undeclared input variable [resource, error]",same_block,2,2
5,5,"Deprecated Resource [data, warning]","Reference to undeclared resource [provider, error]",same_file_other_block,2,1
5,5,"Deprecated attribute [resource, warning]","Invalid multi-line string [resource, error]",same_block,2,1
5,5,"Argument is deprecated [resource, warning]","Unsupported argument [resource, error]",same_block,1,1
5,5,"Argument is deprecated [resource, warning]","Unsupported block type [resource, error]",same_block,1,1
5,5,"Attribute Deprecated [resource, warning]","Invalid multi-line string [resource, error]",same_block,1,1
5,5,"Attribute Deprecated [resource, warning]","Unterminated template string [resource, error]",same_block,1,1
5,5,"Deprecated Resource [resource, warning]","Invalid resource type [resource, error]",same_block,1,1
5,5,"Deprecated Resource [resource, warning]","Missing required argument [resource, error]",same_block,1,1
5,5,"Deprecated Resource [resource, warning]","Reference to undeclared resource [locals, error]",same_file_other_block,1,1
5,5,"Deprecated Resource [resource, warning]","Reference to undeclared resource [module, error]",same_file_other_block,1,1
5,5,"Deprecated Resource [resource, warning]","Unsupported block type [resource, error]",same_block,1,1
5,5,"Deprecated [data, warning]","Argument or block definition required [data, error]",same_block,1,1
5,5,"Deprecated attribute [resource, warning]","Unsupported argument [resource, error]",same_block,1,1
5,5,"Deprecated attribute [resource, warning]","Unterminated template string [resource, error]",same_block,1,1
5,5,"Error in function call [resource, error]","Missing resource instance key [resource, error]",same_file_other_block,1,1
5,5,"Incorrect attribute value type [resource, error]","Invalid function argument [resource, error]",same_block,1,1
5,5,"Invalid Attribute Combination [resource, warning]","Invalid String Enum Value [resource, error]",same_block,1,1
5,5,"Missing required argument [resource, error]","Missing newline after argument [resource, error]",same_block,1,1
5,5,"Missing required argument [resource, error]","Unsupported attribute [resource, error]",same_block,1,1
5,5,"Missing resource instance key [resource, error]","Missing item separator [resource, error]",same_block,1,1
5,5,"Quoted references are deprecated [resource, warning]","Invalid expression [resource, error]",same_block,1,1
5,5,"Unsupported argument [resource, error]","Deprecated attribute [data, warning]",same_file_other_block,1,1
5,5,"Unsupported argument [resource, error]","Incorrect attribute value type [resource, error]",same_block,1,1
5,5,"Unsupported argument [resource, error]","Invalid expression [resource, error]",same_block,1,1
5,5,"Unsupported attribute [resource, error]","Unsupported attribute [resource, error]",same_file_other_block,1,1
5,5,"Unsupported block type [resource, error]","Missing item separator [resource, error]",same_block,1,1
5,5,"Unsupported block type [resource, error]","Unsupported argument [resource, error]",same_block,1,1
5,5,"Unsupported block type [resource, error]","Unsupported argument [resource, error]",same_file_other_block,1,1
6,6,"Deprecated Resource [resource, warning]","Reference to undeclared resource [resource, error]",same_file_other_block,7,6
6,6,"Unsupported block type [resource, error]","Unsupported block type [resource, error]",same_file_other_block,7,1
6,6,"Error in function call [resource, error]","Error in function call [output, error]",same_module_other_file,6,1
6,6,"Reference to undeclared resource [resource, error]","Reference to undeclared input variable [resource, error]",same_block,5,2
6,6,"Deprecated Resource [resource, warning]","Unsupported argument [resource, error]",same_block,4,2
6,6,"Missing resource instance key [resource, error]","Invalid character [resource, error]",same_block,4,1
6,6,"Unsupported block type [resource, error]","Invalid character [resource, error]",same_block,4,1
6,6,"Deprecated Resource [data, warning]","Reference to undeclared input variable [data, error]",same_block,3,1
6,6,"Unsupported block type [resource, error]","Unsupported block type [resource, error]",same_module_other_file,3,1
6,6,"Argument is deprecated [resource, warning]","Unsupported block type [resource, error]",same_block,2,2
6,6,"Deprecated Resource [resource, warning]","Missing required provider [Unknown, error]",same_module_other_file,2,2
6,6,"Deprecated Resource [data, warning]","Reference to undeclared resource [provider, error]",same_file_other_block,2,1
6,6,"Deprecated Resource [resource, warning]","Reference to undeclared input variable [resource, error]",same_block,2,1
6,6,"Deprecated Resource [resource, warning]","Reference to undeclared resource [output, error]",same_module_other_file,2,1
6,6,"Deprecated attribute [resource, warning]","Invalid multi-line string [resource, error]",same_block,2,1
6,6,"Quoted references are deprecated [resource, warning]","Invalid depends_on reference [resource, error]",same_block,2,1
6,6,"Reference to undeclared local value [resource, error]","Reference to undeclared resource [resource, error]",same_block,2,1
6,6,"Argument is deprecated [resource, warning]","Unsupported argument [resource, error]",same_block,1,1
6,6,"Attribute Deprecated [resource, warning]","Invalid multi-line string [resource, error]",same_block,1,1
6,6,"Attribute Deprecated [resource, warning]","Unterminated template string [resource, error]",same_block,1,1
6,6,"Deprecated Resource [resource, warning]","Invalid resource type [resource, error]",same_block,1,1
6,6,"Deprecated Resource [resource, warning]","Missing required argument [resource, error]",same_block,1,1
6,6,"Deprecated Resource [resource, warning]","Reference to undeclared resource [locals, error]",same_file_other_block,1,1
6,6,"Deprecated Resource [resource, warning]","Reference to undeclared resource [module, error]",same_file_other_block,1,1
6,6,"Deprecated Resource [resource, warning]","Unsupported block type [resource, error]",same_block,1,1
6,6,"Deprecated [data, warning]","Argument or block definition required [data, error]",same_block,1,1
6,6,"Deprecated attribute [data, warning]","Invalid resource type [resource, error]",same_block,1,1
6,6,"Deprecated attribute [data, warning]","Reference to undeclared resource [resource, error]",same_file_other_block,1,1
6,6,"Deprecated attribute [resource, warning]","Reference to undeclared resource [resource, error]",same_block,1,1
6,6,"Deprecated attribute [resource, warning]","Unterminated template string [resource, error]",same_block,1,1
6,6,"Error in function call [resource, error]","Missing resource instance key [resource, error]",same_file_other_block,1,1
6,6,"Incorrect attribute value type [resource, error]","Unsupported argument [resource, error]",same_file_other_block,1,1
6,6,"Missing required argument [resource, error]","Missing newline after argument [resource, error]",same_block,1,1
6,6,"Missing resource instance key [resource, error]","Missing item separator [resource, error]",same_block,1,1
6,6,"Quoted references are deprecated [resource, warning]","Invalid expression [resource, error]",same_block,1,1
6,6,"Quoted references are deprecated [resource, warning]","Missing newline after argument [resource, error]",same_block,1,1
6,6,"Unsupported argument [data, error]","Unsupported attribute [resource, error]",same_file_other_block,1,1
6,6,"Unsupported argument [resource, error]","Deprecated attribute [data, warning]",same_file_other_block,1,1
6,6,"Unsupported argument [resource, error]","Incorrect attribute value type [resource, error]",same_block,1,1
6,6,"Unsupported argument [resource, error]","Missing required argument [resource, error]",same_block,1,1
6,6,"Unsupported argument [resource, error]","Unsupported block type [resource, error]",same_block,1,1
6,6,"Unsupported argument [resource, error]","expected private_endpoint_network_policies to be one of [""Disabled"" ""Enabled"" ""NetworkSecurityGroupEnabled"" ""RouteTableEnabled""], got disabled [resource, error]",same_block,1,1
6,6,"Unsupported attribute [resource, error]","Unsupported attribute [resource, error]",same_file_other_block,1,1
6,6,"Unsupported block type [resource, error]","Missing item separator [resource, error]",same_block,1,1
6,6,"Unsupported block type [resource, error]","Unsupported argument [resource, error]",same_block,1,1
6,6,"Unsupported block type [resource, error]","Unsupported argument [resource, error]",same_file_other_block,1,1
7,7,"Deprecated Resource [resource, warning]","Reference to undeclared resource [resource, error]",same_file_other_block,7,6
7,7,"Unsupported block type [resource, error]","Unsupported block type [resource, error]",same_file_other_block,7,1
7,7,"Error in function call [resource, error]","Error in function call [output, error]",same_module_other_file,6,1
7,7,"Deprecated Resource [resource, warning]","Unsupported argument [resource, error]",same_block,5,3
7,7,"Reference to undeclared resource [resource, error]","Reference to undeclared input variable [resource, error]",same_block,5,2
7,7,"Deprecated Resource [resource, warning]","Reference to undeclared resource [output, error]",same_file_other_block,4,1
7,7,"Missing resource instance key [resource, error]","Invalid character [resource, error]",same_block,4,1
7,7,"Unsupported block type [resource, error]","Invalid character [resource, error]",same_block,4,1
7,7,"Unsupported block type [resource, error]","Unsupported block type [resource, error]",same_module_other_file,3,1
7,7,"Deprecated Resource [data, warning]","Reference to undeclared resource [output, error]",same_module_other_file,2,2
7,7,"Deprecated Resource [resource, warning]","Missing required provider [Unknown, error]",same_module_other_file,2,2
7,7,"Unsupported argument [resource, error]","Unsupported block type [resource, error]",same_block,2,2
7,7,"Deprecated Resource [data, warning]","Reference to undeclared resource [locals, error]",same_file_other_block,2,1
7,7,"Deprecated Resource [data, warning]","Reference to undeclared resource [provider, error]",same_file_other_block,2,1
7,7,"Deprecated Resource [resource, warning]","Reference to undeclared input variable [resource, error]",same_block,2,1
7,7,"Deprecated Resource [resource, warning]","Reference to undeclared resource [output, error]",same_module_other_file,2,1
7,7,"Deprecated attribute [resource, warning]","Invalid multi-line string [resource, error]",same_block,2,1
7,7,"Invalid index [data, error]","Value for unconfigurable attribute [data, error]",same_block,2,1
7,7,"Quoted references are deprecated [resource, warning]","Invalid index [resource, error]",same_block,2,1
7,7,"Reference to undeclared local value [resource, error]","Reference to undeclared resource [resource, error]",same_block,2,1
7,7,"Unsupported argument [resource, error]","Deprecated Resource [resource, warning]",same_module_other_file,2,1
7,7,"Argument is deprecated [resource, warning]","Unsupported block type [resource, error]",same_block,1,1
7,7,"Argument is deprecated [resource, warning]","expected object_lock_enabled to be one of [""Enabled""], got true [resource, error]",same_block,1,1
7,7,"Attribute Deprecated [resource, warning]","Invalid multi-line string [resource, error]",same_block,1,1
7,7,"Attribute Deprecated [resource, warning]","Unterminated template string [resource, error]",same_block,1,1
7,7,"Deprecated Resource [data, warning]","Invalid resource type [resource, error]",same_block,1,1
7,7,"Deprecated Resource [resource, warning]","Invalid resource type [resource, error]",same_block,1,1
7,7,"Deprecated Resource [resource, warning]","Missing required argument [resource, error]",same_block,1,1
7,7,"Deprecated Resource [resource, warning]","Reference to undeclared resource [locals, error]",same_file_other_block,1,1
7,7,"Deprecated Resource [resource, warning]","Reference to undeclared resource [module, error]",same_file_other_block,1,1
7,7,"Deprecated Resource [resource, warning]","Unsupported block type [resource, error]",same_block,1,1
7,7,"Deprecated [data, warning]","Argument or block definition required [data, error]",same_block,1,1
7,7,"Deprecated attribute [data, warning]","Invalid resource type [resource, error]",same_block,1,1
7,7,"Deprecated attribute [data, warning]","Reference to undeclared resource [resource, error]",same_file_other_block,1,1
7,7,"Deprecated attribute [resource, warning]","Unterminated template string [resource, error]",same_block,1,1
7,7,"Error in function call [resource, error]","Missing resource instance key [resource, error]",same_file_other_block,1,1
7,7,"Incorrect attribute value type [resource, error]","Unsupported argument [resource, error]",same_file_other_block,1,1
7,7,"Invalid Attribute Combination [resource, warning]","Invalid String Enum Value [resource, error]",same_block,1,1
7,7,"Missing required argument [resource, error]","Missing newline after argument [resource, error]",same_block,1,1
7,7,"Missing resource instance key [resource, error]","Missing item separator [resource, error]",same_block,1,1
7,7,"Quoted references are deprecated [resource, warning]","Invalid character [resource, error]",same_block,1,1
7,7,"Quoted references are deprecated [resource, warning]","Invalid expression [resource, error]",same_block,1,1
7,7,"Quoted references are deprecated [resource, warning]","Missing newline after argument [resource, error]",same_block,1,1
7,7,"Reference to undeclared local value [resource, error]","Reference to undeclared input variable [resource, error]",same_block,1,1
7,7,"Unsupported argument [data, error]","Unsupported attribute [resource, error]",same_file_other_block,1,1
7,7,"Unsupported argument [resource, error]","""arn"" (aws_lambda_function.example_lambda.arn) is an invalid ARN: arn: invalid prefix [resource, error]",same_block,1,1
7,7,"Unsupported argument [resource, error]","Deprecated attribute [data, warning]",same_file_other_block,1,1
7,7,"Unsupported argument [resource, error]","expected private_endpoint_network_policies to be one of [""Disabled"" ""Enabled"" ""NetworkSecurityGroupEnabled"" ""RouteTableEnabled""], got false [resource, error]",same_block,1,1
7,7,"Unsupported attribute [resource, error]","Unsupported attribute [resource, error]",same_file_other_block,1,1
7,7,"Unsupported block type [resource, error]","Missing item separator [resource, error]",same_block,1,1
7,7,"Unsupported block type [resource, error]","Reference to undeclared input variable [resource, error]",same_block,1,1
7,7,"Unsupported block type [resource, error]","Unsupported argument [resource, error]",same_block,1,1
7,7,"Unsupported block type [resource, error]","Unsupported argument [resource, error]",same_file_other_block,1,1
8,8,"Unsupported block type [resource, error]","Unsupported block type [resource, error]",same_file_other_block,7,1
8,8,"Deprecated Resource [resource, warning]","Reference to undeclared resource [resource, error]",same_file_other_block,6,5
8,8,"Error in function call [resource, error]","Error in function call [output, error]",same_module_other_file,6,1
8,8,"Argument is deprecated [resource, warning]","Unsupported block type [resource, error]",same_block,5,3
8,8,"Deprecated Resource [resource, warning]","Unsupported argument [resource, error]",same_block,4,2
8,8,"Reference to undeclared local value [resource, error]","Reference to undeclared resource [resource, error]",same_block,4,2
8,8,"Argument is deprecated [resource, warning]","Unsupported argument [resource, error]",same_block,4,1
8,8,"Missing resource instance key [resource, error]","Invalid character [resource, error]",same_block,4,1
8,8,"Reference to undeclared resource [resource, error]","Reference to undeclared input variable [resource, error]",same_block,4,1
8,8,"Unsupported block type [resource, error]","Invalid character [resource, error]",same_block,4,1
8,8,"Unsupported block type [resource, error]","Unsupported argument [resource, error]",same_block,3,1
8,8,"Unsupported block type [resource, error]","Unsupported block type [resource, error]",same_module_other_file,3,1
8,8,"Deprecated Resource [data, warning]","Reference to undeclared resource [output, error]",same_module_other_file,2,2
8,8,"Deprecated Resource [resource, warning]","Missing required provider [Unknown, error]",same_module_other_file,2,2
8,8,"Deprecated Resource [data, warning]","Reference to undeclared resource [locals, error]",same_file_other_block,2,1
8,8,"Deprecated Resource [data, warning]","Reference to undeclared resource [provider, error]",same_file_other_block,2,1
8,8,"Deprecated Resource [resource, warning]","Reference to undeclared resource [resource, error]",same_block,2,1
8,8,"Deprecated attribute [resource, warning]","Invalid multi-line string [resource, error]",same_block,2,1
8,8,"Invalid index [data, error]","Value for unconfigurable attribute [data, error]",same_block,2,1
8,8,"Quoted references are deprecated [resource, warning]","Invalid depends_on reference [resource, error]",same_block,2,1
8,8,"Unsupported argument [resource, error]","Deprecated Resource [resource, warning]",same_module_other_file,2,1
8,8,"Unsupported block type [resource, error]","Missing required argument [resource, error]",same_block,2,1
8,8,"Argument is deprecated [resource, warning]","Duplicate lifecycle block [resource, error]",same_block,1,1
8,8,"Argument is deprecated [resource, warning]","Error in function call [resource, error]",same_block,1,1
8,8,"Attribute Deprecated [resource, warning]","Invalid multi-line string [resource, error]",same_block,1,1
8,8,"Attribute Deprecated [resource, warning]","Unterminated template string [resource, error]",same_block,1,1
8,8,"Deprecated Parameter [data, warning]","Invalid backend configuration [data, error]",same_block,1,1
8,8,"Deprecated Resource [resource, warning]","Missing required argument [resource, error]",same_block,1,1
8,8,"Deprecated Resource [resource, warning]","Unsupported block type [resource, error]",same_block,1,1
8,8,"Deprecated [data, warning]","Argument or block definition required [data, error]",same_block,1,1
8,8,"Deprecated attribute [resource, warning]","Unterminated template string [resource, error]",same_block,1,1
8,8,"Error in function call [resource, error]","Missing resource instance key [resource, error]",same_file_other_block,1,1
8,8,"Incorrect attribute value type [resource, error]","Unsupported argument [resource, error]",same_file_other_block,1,1
8,8,"Missing required argument [resource, error]","Missing newline after argument [resource, error]",same_block,1,1
8,8,"Missing required argument [resource, error]","Missing resource instance key [resource, error]",same_block,1,1
8,8,"Missing resource instance key [resource, error]","Missing item separator [resource, error]",same_block,1,1
8,8,"Quoted references are deprecated [data, warning]","Invalid expression [data, error]",same_block,1,1
8,8,"Quoted references are deprecated [resource, warning]","Invalid character [resource, error]",same_block,1,1
8,8,"Quoted references are deprecated [resource, warning]","Invalid expression [resource, error]",same_block,1,1
8,8,"Quoted references are deprecated [resource, warning]","Missing newline after argument [resource, error]",same_block,1,1
8,8,"Reference to undeclared local value [resource, error]","Reference to undeclared input variable [resource, error]",same_block,1,1
8,8,"Unsupported argument [data, error]","Unsupported attribute [resource, error]",same_file_other_block,1,1
8,8,"Unsupported argument [resource, error]","Deprecated Resource [resource, warning]",same_file_other_block,1,1
8,8,"Unsupported argument [resource, error]","Deprecated attribute [data, warning]",same_file_other_block,1,1
8,8,"Unsupported argument [resource, error]","Incorrect attribute value type [resource, error]",same_block,1,1
8,8,"Unsupported argument [resource, error]","Unsupported attribute [output, error]",same_file_other_block,1,1
8,8,"Unsupported attribute [resource, error]","Missing required argument [resource, error]",same_block,1,1
8,8,"Unsupported attribute [resource, error]","Unsupported argument [resource, error]",same_block,1,1
8,8,"Unsupported attribute [resource, error]","Unsupported attribute [resource, error]",same_file_other_block,1,1
8,8,"Unsupported block type [resource, error]","Missing item separator [resource, error]",same_block,1,1
8,8,"Unsupported block type [resource, error]","Unsupported argument [resource, error]",same_file_other_block,1,1
9,9,"Unsupported block type [resource, error]","Unsupported block type [resource, error]",same_file_other_block,7,1
9,9,"Reference to undeclared resource [resource, error]","Reference to undeclared input variable [resource, error]",same_block,5,2
9,9,"Deprecated Resource [resource, warning]","Reference to undeclared resource [resource, error]",same_file_other_block,4,3
9,9,"Deprecated Resource [resource, warning]","Unsupported argument [resource, error]",same_block,4,2
9,9,"Deprecated Resource [resource, warning]","Reference to undeclared resource [output, error]",same_file_other_block,4,1
9,9,"Missing resource instance key [resource, error]","Invalid character [resource, error]",same_block,4,1
9,9,"Unsupported block type [resource, error]","Invalid character [resource, error]",same_block,4,1
9,9,"Unsupported block type [resource, error]","Unsupported block type [resource, error]",same_module_other_file,3,1
9,9,"Argument is deprecated [resource, warning]","Unsupported argument [resource, error]",same_block,2,2
9,9,"Deprecated Resource [resource, warning]","Missing required provider [Unknown, error]",same_module_other_file,2,2
9,9,"Deprecated Resource [data, warning]","Reference to undeclared resource [provider, error]",same_file_other_block,2,1
9,9,"Deprecated Resource [resource, warning]","Reference to undeclared input variable [resource, error]",same_block,2,1
9,9,"Deprecated Resource [resource, warning]","Reference to undeclared resource [output, error]",same_module_other_file,2,1
9,9,"Deprecated attribute [resource, warning]","Invalid multi-line string [resource, error]",same_block,2,1
9,9,"Unsupported argument [resource, error]","Deprecated Resource [resource, warning]",same_module_other_file,2,1
9,9,"Argument is deprecated [resource, warning]","expected domain to be one of [vpc standard], got true [resource, error]",same_block,1,1
9,9,"Argument is deprecated [resource, warning]","expected object_lock_enabled to be one of [""Enabled""], got true [resource, error]",same_block,1,1
9,9,"Attribute Deprecated [resource, warning]","Invalid multi-line string [resource, error]",same_block,1,1
9,9,"Attribute Deprecated [resource, warning]","Unterminated template string [resource, error]",same_block,1,1
9,9,"Deprecated Parameter [data, warning]","Unsupported argument [data, error]",same_block,1,1
9,9,"Deprecated Resource [data, warning]","Invalid or unknown key [data, error]",same_block,1,1
9,9,"Deprecated Resource [data, warning]","Missing attribute value [data, error]",same_block,1,1
9,9,"Deprecated Resource [data, warning]","Reference to undeclared resource [output, error]",same_module_other_file,1,1
9,9,"Deprecated Resource [data, warning]","Value for unconfigurable attribute [data, error]",same_block,1,1
9,9,"Deprecated Resource [resource, warning]","Missing required argument [resource, error]",same_block,1,1
9,9,"Deprecated Resource [resource, warning]","Reference to undeclared resource [locals, error]",same_file_other_block,1,1
9,9,"Deprecated Resource [resource, warning]","Unsupported block type [resource, error]",same_block,1,1
9,9,"Deprecated [data, warning]","Argument or block definition required [data, error]",same_block,1,1
9,9,"Deprecated attribute [data, warning]","Invalid resource type [resource, error]",same_block,1,1
9,9,"Deprecated attribute [data, warning]","Reference to undeclared resource [resource, error]",same_file_other_block,1,1
9,9,"Deprecated attribute [resource, warning]","Unterminated template string [resource, error]",same_block,1,1
9,9,"Incorrect attribute value type [resource, error]","Unsupported argument [resource, error]",same_file_other_block,1,1
9,9,"Missing required argument [resource, error]","Missing newline after argument [resource, error]",same_block,1,1
9,9,"Missing resource instance key [resource, error]","Missing item separator [resource, error]",same_block,1,1
9,9,"Quoted references are deprecated [data, warning]","Invalid expression [data, error]",same_block,1,1
9,9,"Quoted references are deprecated [resource, warning]","Invalid expression [resource, error]",same_block,1,1
9,9,"Unsupported argument [data, error]","Invalid or unknown key [data, error]",same_block,1,1
9,9,"Unsupported argument [data, error]","Unsupported attribute [resource, error]",same_file_other_block,1,1
9,9,"Unsupported argument [resource, error]","Deprecated Resource [resource, warning]",same_file_other_block,1,1
9,9,"Unsupported argument [resource, error]","Unsupported attribute [output, error]",same_file_other_block,1,1
9,9,"Unsupported argument [resource, error]","Unsupported block type [resource, error]",same_block,1,1
9,9,"Unsupported attribute [resource, error]","Unsupported attribute [resource, error]",same_file_other_block,1,1
9,9,"Unsupported block type [resource, error]","Missing item separator [resource, error]",same_block,1,1
9,9,"Unsupported block type [resource, error]","Reference to undeclared input variable [resource, error]",same_block,1,1
9,9,"Unsupported block type [resource, error]","Unsupported argument [resource, error]",same_block,1,1
9,9,"Unsupported block type [resource, error]","Unsupported argument [resource, error]",same_file_other_block,1,1
10,10,"Unsupported block type [resource, error]","Attribute redefined [resource, error]",same_block,18,1
10,10,"Unsupported block type [resource, error]","Unsupported block type [resource, error]",same_file_other_block,7,1
10,10,"Error in function call [resource, error]","Error in function call [output, error]",same_module_other_file,6,1
10,10,"Deprecated Resource [resource, warning]","Reference to undeclared resource [resource, error]",same_file_other_block,5,4
10,10,"Argument is deprecated [resource, warning]","Unsupported argument [resource, error]",same_block,5,2
10,10,"Reference to undeclared resource [resource, error]","Reference to undeclared input variable [resource, error]",same_block,5,2
10,10,"Argument is deprecated [resource, warning]","Unsupported block type [resource, error]",same_block,4,2
10,10,"Deprecated Resource [resource, warning]","Unsupported argument [resource, error]",same_block,4,2
10,10,"Missing resource instance key [resource, error]","Invalid character [resource, error]",same_block,4,1
10,10,"Unsupported block type [resource, error]","Invalid character [resource, error]",same_block,4,1
10,10,"Unsupported block type [resource, error]","Unsupported argument [resource, error]",same_block,3,2
10,10,"Missing required argument [resource, error]","Missing required argument [resource, error]",same_block,3,1
10,10,"Unsupported block type [resource, error]","Unsupported block type [resource, error]",same_module_other_file,3,1
10,10,"Deprecated Resource [resource, warning]","Invalid resource type [resource, error]",same_block,2,2
10,10,"Deprecated Resource [resource, warning]","Missing required provider [Unknown, error]",same_module_other_file,2,2
10,10,"Deprecated Resource [data, warning]","Reference to undeclared resource [provider, error]",same_file_other_block,2,1
10,10,"Deprecated Resource [resource, warning]","Reference to undeclared resource [output, error]",same_module_other_file,2,1
10,10,"Deprecated attribute [resource, warning]","Invalid multi-line string [resource, error]",same_block,2,1
10,10,"Deprecated attribute [resource, warning]","Reference to undeclared resource [resource, error]",same_block,2,1
10,10,"Quoted references are deprecated [resource, warning]","Invalid depends_on reference [resource, error]",same_block,2,1
10,10,"Reference to undeclared local value [resource, error]","Reference to undeclared resource [resource, error]",same_block,2,1
10,10,"Unsupported argument [resource, error]","Deprecated Resource [resource, warning]",same_module_other_file,2,1
10,10,"Argument is deprecated [resource, warning]","Duplicate lifecycle block [resource, error]",same_block,1,1
10,10,"Argument is deprecated [resource, warning]","Missing required argument [resource, error]",same_block,1,1
10,10,"Argument is deprecated [resource, warning]","expected object_lock_enabled to be one of [""Enabled""], got true [resource, error]",same_block,1,1
10,10,"Attribute Deprecated [resource, warning]","Invalid multi-line string [resource, error]",same_block,1,1
10,10,"Attribute Deprecated [resource, warning]","Unterminated template string [resource, error]",same_block,1,1
10,10,"Deprecated Resource [data, warning]","Invalid or unknown key [data, error]",same_block,1,1
10,10,"Deprecated Resource [resource, warning]","Missing required argument [resource, error]",same_block,1,1
10,10,"Deprecated Resource [resource, warning]","Reference to undeclared resource [locals, error]",same_file_other_block,1,1
10,10,"Deprecated Resource [resource, warning]","Reference to undeclared resource [module, error]",same_file_other_block,1,1
10,10,"Deprecated Resource [resource, warning]","Unsupported block type [resource, error]",same_block,1,1
10,10,"Deprecated [data, warning]","Argument or block definition required [data, error]",same_block,1,1
10,10,"Deprecated attribute [resource, warning]","Unterminated template string [resource, error]",same_block,1,1
10,10,"Error in function call [resource, error]","Missing resource instance key [resource, error]",same_file_other_block,1,1
10,10,"Incorrect attribute value type [resource, error]","Unsupported argument [resource, error]",same_file_other_block,1,1
10,10,"Missing required argument [resource, error]","Reference to undeclared resource [resource, error]",same_file_other_block,1,1
10,10,"Missing required argument [resource, error]","Unsupported block type [resource, error]",same_block,1,1
10,10,"Missing resource instance key [resource, error]","Missing item separator [resource, error]",same_block,1,1
10,10,"Quoted references are deprecated [data, warning]","Invalid depends_on reference [data, error]",same_block,1,1
10,10,"Reference to undeclared input variable [data, error]","Reference to undeclared resource [data, error]",same_block,1,1
10,10,"Unsupported argument [data, error]","Unsupported attribute [resource, error]",same_file_other_block,1,1
10,10,"Unsupported argument [resource, error]","""arn"" (aws_lambda_function.example_lambda.arn) is an invalid ARN: arn: invalid prefix [resource, error]",same_block,1,1
10,10,"Unsupported argument [resource, error]","Deprecated attribute [data, warning]",same_file_other_block,1,1
10,10,"Unsupported argument [resource, error]","Missing item separator [resource, error]",same_block,1,1
10,10,"Unsupported attribute [resource, error]","Unsupported attribute [resource, error]",same_file_other_block,1,1
10,10,"Unsupported block type [resource, error]","Missing item separator [resource, error]",same_block,1,1
10,10,"Unsupported block type [resource, error]","Missing required argument [resource, error]",same_block,1,1
10,10,"Unsupported block type [resource, error]","Unsupported argument [resource, error]",same_file_other_block,1,1
11,11,"Unsupported block type [resource, error]","Unsupported block type [resource, error]",same_file_other_block,7,1
11,11,"Error in function call [resource, error]","Error in function call [output, error]",same_module_other_file,6,1
11,11,"Deprecated Resource [resource, warning]","Reference to undeclared resource [resource, error]",same_file_other_block,4,4
11,11,"Deprecated Resource [resource, warning]","Unsupported argument [resource, error]",same_block,4,2
11,11,"Missing resource instance key [resource, error]","Invalid character [resource, error]",same_block,4,1
11,11,"Unsupported block type [resource, error]","Invalid character [resource, error]",same_block,4,1
11,11,"Unsupported block type [resource, error]","Unsupported block type [resource, error]",same_module_other_file,3,1
11,11,"Deprecated Resource [data, warning]","Reference to undeclared resource [output, error]",same_module_other_file,2,2
11,11,"Deprecated Resource [resource, warning]","Invalid resource type [resource, error]",same_block,2,2
11,11,"Deprecated Resource [resource, warning]","Missing required provider [Unknown, error]",same_module_other_file,2,2
11,11,"Deprecated Resource [data, warning]","Reference to undeclared resource [locals, error]",same_file_other_block,2,1
11,11,"Deprecated Resource [data, warning]","Reference to undeclared resource [provider, error]",same_file_other_block,2,1
11,11,"Deprecated Resource [resource, warning]","Reference to undeclared resource [output, error]",same_module_other_file,2,1
11,11,"Deprecated attribute [resource, warning]","Invalid multi-line string [resource, error]",same_block,2,1
11,11,"Invalid Configuration for Read-Only Attribute [resource, error]","Unsupported argument [resource, error]",same_block,2,1
11,11,"Missing required argument [resource, error]","Reference to undeclared resource [resource, error]",same_block,2,1
11,11,"Argument is deprecated [resource, warning]","Unsupported argument [resource, error]",same_block,1,1
11,11,"Argument is deprecated [resource, warning]","Unsupported block type [resource, error]",same_block,1,1
11,11,"Argument is deprecated [resource, warning]","expected domain to be one of [vpc standard], got true [resource, error]",same_block,1,1
11,11,"Attribute Deprecated [resource, warning]","Invalid multi-line string [resource, error]",same_block,1,1
11,11,"Attribute Deprecated [resource, warning]","Unterminated template string [resource, error]",same_block,1,1
11,11,"Deprecated Parameter [data, warning]","Unsupported argument [data, error]",same_block,1,1
11,11,"Deprecated Resource [data, warning]","Invalid resource type [resource, error]",same_block,1,1
11,11,"Deprecated Resource [resource, warning]","Missing required argument [resource, error]",same_block,1,1
11,11,"Deprecated Resource [resource, warning]","Reference to undeclared resource [module, error]",same_file_other_block,1,1
11,11,"Deprecated Resource [resource, warning]","Unsupported block type [resource, error]",same_block,1,1
11,11,"Deprecated [data, warning]","Argument or block definition required [data, error]",same_block,1,1
11,11,"Deprecated attribute [resource, warning]","Reference to undeclared input variable [resource, error]",same_block,1,1
11,11,"Deprecated attribute [resource, warning]","Unterminated template string [resource, error]",same_block,1,1
11,11,"Error in function call [resource, error]","Missing resource instance key [resource, error]",same_file_other_block,1,1
11,11,"Incorrect attribute value type [resource, error]","Unsupported argument [resource, error]",same_file_other_block,1,1
11,11,"Invalid Attribute Combination [resource, warning]","Invalid String Enum Value [resource, error]",same_block,1,1
11,11,"Invalid Configuration for Read-Only Attribute [resource, error]","Missing required argument [resource, error]",same_block,1,1
11,11,"Missing required argument [resource, error]","Argument is deprecated [resource, warning]",same_block,1,1
11,11,"Missing required argument [resource, error]","Missing newline after argument [resource, error]",same_block,1,1
11,11,"Missing resource instance key [resource, error]","Missing item separator [resource, error]",same_block,1,1
11,11,"Quoted references are deprecated [data, warning]","Invalid expression [data, error]",same_block,1,1
11,11,"Quoted references are deprecated [resource, warning]","Invalid expression [resource, error]",same_block,1,1
11,11,"Quoted references are deprecated [resource, warning]","Missing newline after argument [resource, error]",same_block,1,1
11,11,"Reference to undeclared input variable [data, error]","Reference to undeclared resource [data, error]",same_block,1,1
11,11,"Reference to undeclared input variable [resource, error]","Reference to undeclared resource [resource, error]",same_block,1,1
11,11,"Reference to undeclared local value [resource, error]","Reference to undeclared input variable [resource, error]",same_block,1,1
11,11,"Reference to undeclared resource [resource, error]","Reference to undeclared input variable [resource, error]",same_block,1,1
11,11,"Unsupported argument [data, error]","Invalid or unknown key [data, error]",same_block,1,1
11,11,"Unsupported argument [data, error]","Unsupported attribute [resource, error]",same_file_other_block,1,1
11,11,"Unsupported argument [resource, error]","Deprecated attribute [data, warning]",same_file_other_block,1,1
11,11,"Unsupported argument [resource, error]","Incorrect attribute value type [resource, error]",same_block,1,1
11,11,"Unsupported argument [resource, error]","expected private_endpoint_network_policies to be one of [""Disabled"" ""Enabled"" ""NetworkSecurityGroupEnabled"" ""RouteTableEnabled""], got false [resource, error]",same_block,1,1
11,11,"Unsupported attribute [resource, error]","Unsupported attribute [resource, error]",same_file_other_block,1,1
11,11,"Unsupported block type [resource, error]","Missing item separator [resource, error]",same_block,1,1
11,11,"Unsupported block type [resource, error]","Reference to undeclared input variable [resource, error]",same_block,1,1
11,11,"Unsupported block type [resource, error]","Unsupported argument [resource, error]",same_block,1,1
11,11,"Unsupported block type [resource, error]","Unsupported argument [resource, error]",same_file_other_block,1,1
12,12,"Unsupported block type [resource, error]","Unsupported block type [resource, error]",same_file_other_block,7,1
12,12,"Deprecated Resource [resource, warning]","Reference to undeclared resource [resource, error]",same_file_other_block,6,5
12,12,"Error in function call [resource, error]","Error in function call [output, error]",same_module_other_file,6,1
12,12,"Reference to undeclared resource [resource, error]","Reference to undeclared input variable [resource, error]",same_block,5,2
12,12,"Deprecated Resource [resource, warning]","Unsupported argument [resource, error]",same_block,4,2
12,12,"Missing resource instance key [resource, error]","Invalid character [resource, error]",same_block,4,1
12,12,"Unsupported block type [resource, error]","Invalid character [resource, error]",same_block,4,1
12,12,"Unsupported block type [resource, error]","Unsupported block type [resource, error]",same_module_other_file,3,1
12,12,"Argument is deprecated [resource, warning]","Unsupported block type [resource, error]",same_block,2,2
12,12,"Deprecated Resource [resource, warning]","Missing required provider [Unknown, error]",same_module_other_file,2,2
12,12,"Deprecated Resource [data, warning]","Reference to undeclared resource [provider, error]",same_file_other_block,2,1
12,12,"Deprecated Resource [resource, warning]","Reference to undeclared input variable [resource, error]",same_block,2,1
12,12,"Deprecated Resource [resource, warning]","Reference to undeclared resource [output, error]",same_module_other_file,2,1
12,12,"Deprecated attribute [resource, warning]","Invalid multi-line string [resource, error]",same_block,2,1
12,12,"Argument is deprecated [resource, warning]","Missing required argument [resource, error]",same_block,1,1
12,12,"Argument is deprecated [resource, warning]","Unsupported argument [resource, error]",same_block,1,1
12,12,"Argument is deprecated [resource, warning]","expected object_lock_enabled to be one of [""Enabled""], got true [resource, error]",same_block,1,1
12,12,"Attribute Deprecated [resource, warning]","Invalid multi-line string [resource, error]",same_block,1,1
12,12,"Attribute Deprecated [resource, warning]","Unterminated template string [resource, error]",same_block,1,1
12,12,"Deprecated Resource [resource, warning]","Invalid resource type [resource, error]",same_block,1,1
12,12,"Deprecated Resource [resource, warning]","Missing required argument [resource, error]",same_block,1,1
12,12,"Deprecated Resource [resource, warning]","Reference to undeclared resource [locals, error]",same_file_other_block,1,1
12,12,"Deprecated Resource [resource, warning]","Reference to undeclared resource [module, error]",same_file_other_block,1,1
12,12,"Deprecated Resource [resource, warning]","Unsupported block type [resource, error]",same_block,1,1
12,12,"Deprecated Resource [resource, warning]","Value for unconfigurable attribute [resource, error]",same_block,1,1
12,12,"Deprecated [data, warning]","Argument or block definition required [data, error]",same_block,1,1
12,12,"Deprecated attribute [data, warning]","Invalid resource type [resource, error]",same_block,1,1
12,12,"Deprecated attribute [data, warning]","Reference to undeclared resource [resource, error]",same_file_other_block,1,1
12,12,"Deprecated attribute [resource, warning]","Unsupported attribute [resource, error]",same_block,1,1
12,12,"Deprecated attribute [resource, warning]","Unterminated template string [resource, error]",same_block,1,1
12,12,"Error in function call [resource, error]","Missing resource instance key [resource, error]",same_file_other_block,1,1
12,12,"Incorrect attribute value type [resource, error]","Unsupported argument [resource, error]",same_file_other_block,1,1
12,12,"Incorrect attribute value type [resource, error]","Unsupported attribute [resource, error]",same_block,1,1
12,12,"Missing resource instance key [resource, error]","Missing item separator [resource, error]",same_block,1,1
12,12,"Quoted references are deprecated [resource, warning]","Invalid character [resource, error]",same_block,1,1
12,12,"Quoted references are deprecated [resource, warning]","Missing newline after argument [resource, error]",same_block,1,1
12,12,"Quoted references are deprecated [resource, warning]","Reference to undeclared input variable [resource, error]",same_block,1,1
12,12,"Reference to undeclared local value [resource, error]","Reference to undeclared input variable [resource, error]",same_block,1,1
12,12,"Unsupported argument [data, error]","Unsupported attribute [resource, error]",same_file_other_block,1,1
12,12,"Unsupported argument [resource, error]","Deprecated attribute [data, warning]",same_file_other_block,1,1
12,12,"Unsupported argument [resource, error]","Unsupported block type [resource, error]",same_block,1,1
12,12,"Unsupported argument [resource, error]","expected private_endpoint_network_policies to be one of [""Disabled"" ""Enabled"" ""NetworkSecurityGroupEnabled"" ""RouteTableEnabled""], got false [resource, error]",same_block,1,1
12,12,"Unsupported attribute [resource, error]","Unsupported attribute [resource, error]",same_file_other_block,1,1
12,12,"Unsupported block type [resource, error]","Missing item separator [resource, error]",same_block,1,1
12,12,"Unsupported block type [resource, error]","Reference to undeclared input variable [resource, error]",same_block,1,1
12,12,"Unsupported block type [resource, error]","Unsupported argument [resource, error]",same_block,1,1
12,12,"Unsupported block type [resource, error]","Unsupported argument [resource, error]",same_file_other_block,1,1
13,13,"Unsupported block type [resource, error]","Unsupported block type [resource, error]",same_file_other_block,7,1
13,13,"Deprecated Resource [resource, warning]","Reference to undeclared resource [resource, error]",same_file_other_block,6,5
13,13,"Reference to undeclared resource [resource, error]","Reference to undeclared input variable [resource, error]",same_block,6,3
13,13,"Deprecated Resource [resource, warning]","Unsupported argument [resource, error]",same_block,4,2
13,13,"Missing resource instance key [resource, error]","Invalid character [resource, error]",same_block,4,1
13,13,"Unsupported block type [resource, error]","Invalid character [resource, error]",same_block,4,1
13,13,"Unsupported block type [resource, error]","Unsupported argument [resource, error]",same_block,3,2
13,13,"Deprecated Resource [resource, warning]","Reference to undeclared resource [resource, error]",same_block,3,1
13,13,"Unsupported block type [resource, error]","Unsupported block type [resource, error]",same_module_other_file,3,1
13,13,"Deprecated Resource [resource, warning]","Invalid resource type [resource, error]",same_block,2,2
13,13,"Deprecated Resource [resource, warning]","Missing required provider [Unknown, error]",same_module_other_file,2,2
13,13,"Deprecated Resource [data, warning]","Reference to undeclared resource [provider, error]",same_file_other_block,2,1
13,13,"Deprecated Resource [resource, warning]","Reference to undeclared input variable [resource, error]",same_block,2,1
13,13,"Deprecated attribute [resource, warning]","Invalid multi-line string [resource, error]",same_block,2,1
13,13,"Argument is deprecated [resource, warning]","Unsupported argument [resource, error]",same_block,1,1
13,13,"Argument is deprecated [resource, warning]","Unsupported block type [resource, error]",same_block,1,1
13,13,"Argument is deprecated [resource, warning]","expected object_lock_enabled to be one of [""Enabled""], got true [resource, error]",same_block,1,1
13,13,"Attribute Deprecated [resource, warning]","Invalid multi-line string [resource, error]",same_block,1,1
13,13,"Attribute Deprecated [resource, warning]","Unterminated template string [resource, error]",same_block,1,1
13,13,"Deprecated Parameter [data, warning]","Unsupported argument [data, error]",same_block,1,1
13,13,"Deprecated Resource [data, warning]","Reference to undeclared resource [output, error]",same_module_other_file,1,1
13,13,"Deprecated Resource [resource, warning]","Missing required argument [resource, error]",same_block,1,1
13,13,"Deprecated Resource [resource, warning]","Reference to undeclared resource [module, error]",same_file_other_block,1,1
13,13,"Deprecated Resource [resource, warning]","Unsupported block type [resource, error]",same_block,1,1
13,13,"Deprecated [data, warning]","Argument or block definition required [data, error]",same_block,1,1
13,13,"Deprecated attribute [resource, warning]","Reference to undeclared input variable [resource, error]",same_block,1,1
13,13,"Deprecated attribute [resource, warning]","Unterminated template string [resource, error]",same_block,1,1
13,13,"Incorrect attribute value type [resource, error]","Reference to undeclared resource [resource, error]",same_block,1,1
13,13,"Incorrect attribute value type [resource, error]","Unsupported argument [resource, error]",same_file_other_block,1,1
13,13,"Invalid Configuration for Read-Only Attribute [resource, error]","Missing required argument [resource, error]",same_block,1,1
13,13,"Missing required argument [resource, error]","Missing newline after argument [resource, error]",same_block,1,1
13,13,"Missing resource instance key [resource, error]","Missing item separator [resource, error]",same_block,1,1
13,13,"Quoted references are deprecated [resource, warning]","Invalid expression [resource, error]",same_block,1,1
13,13,"Quoted references are deprecated [resource, warning]","Missing newline after argument [resource, error]",same_block,1,1
13,13,"Reference to undeclared input variable [resource, error]","Reference to undeclared resource [resource, error]",same_block,1,1
13,13,"Reference to undeclared local value [resource, error]","Reference to undeclared input variable [resource, error]",same_block,1,1
13,13,"Unsupported argument [data, error]","Unsupported attribute [resource, error]",same_file_other_block,1,1
13,13,"Unsupported argument [resource, error]","""arn"" (aws_lambda_function.example_lambda.arn) is an invalid ARN: arn: invalid prefix [resource, error]",same_block,1,1
13,13,"Unsupported argument [resource, error]","""rule"" doesn't comply with restrictions (""^[\\.\\-_A-Za-z0-9]+$""): ""example event target"" [resource, error]",same_block,1,1
13,13,"Unsupported argument [resource, error]","""target_id"" doesn't comply with restrictions (""^[\\.\\-_A-Za-z0-9]+$""): ""example event target"" [resource, error]",same_block,1,1
13,13,"Unsupported argument [resource, error]","Deprecated attribute [data, warning]",same_file_other_block,1,1
13,13,"Unsupported argument [resource, error]","Incorrect attribute value type [resource, error]",same_block,1,1
13,13,"Unsupported argument [resource, error]","Unsupported argument [resource, error]",same_file_other_block,1,1
13,13,"Unsupported attribute [resource, error]","Unsupported attribute [resource, error]",same_file_other_block,1,1
13,13,"Unsupported block type [resource, error]","Incorrect attribute value type [resource, error]",same_block,1,1
13,13,"Unsupported block type [resource, error]","Missing item separator [resource, error]",same_block,1,1
13,13,"Unsupported block type [resource, error]","Missing required argument [resource, error]",same_block,1,1
13,13,"Unsupported block type [resource, error]","Unsupported argument [resource, error]",same_file_other_block,1,1
14,14,"Unsupported block type [resource, error]","Unsupported block type [resource, error]",same_file_other_block,7,1
14,14,"Error in function call [resource, error]","Error in function call [output, error]",same_module_other_file,6,1
14,14,"Deprecated Resource [resource, warning]","Reference to undeclared resource [resource, error]",same_file_other_block,5,5
14,14,"Reference to undeclared resource [resource, error]","Reference to undeclared input variable [resource, error]",same_block,5,2
14,14,"Deprecated Resource [resource, warning]","Unsupported argument [resource, error]",same_block,4,2
14,14,"Unsupported block type [resource, error]","Unsupported argument [resource, error]",same_block,4,2
14,14,"Missing resource instance key [resource, error]","Invalid character [resource, error]",same_block,4,1
14,14,"Unsupported block type [resource, error]","Invalid character [resource, error]",same_block,4,1
14,14,"Unsupported block type [resource, error]","Reference to undeclared input variable [resource, error]",same_block,3,1
14,14,"Unsupported block type [resource, error]","Unsupported block type [resource, error]",same_module_other_file,3,1
14,14,"Argument is deprecated [resource, warning]","Unsupported argument [resource, error]",same_block,2,2
14,14,"Argument is deprecated [resource, warning]","Unsupported block type [resource, error]",same_block,2,2
14,14,"Deprecated Resource [data, warning]","Reference to undeclared resource [output, error]",same_module_other_file,2,2
14,14,"Deprecated Resource [resource, warning]","Invalid resource type [resource, error]",same_block,2,2
14,14,"Deprecated Resource [data, warning]","Reference to undeclared resource [locals, error]",same_file_other_block,2,1
14,14,"Deprecated Resource [data, warning]","Reference to undeclared resource [provider, error]",same_file_other_block,2,1
14,14,"Deprecated Resource [resource, warning]","Reference to undeclared input variable [resource, error]",same_block,2,1
14,14,"Deprecated Resource [resource, warning]","Reference to undeclared resource [output, error]",same_module_other_file,2,1
14,14,"Deprecated attribute [resource, warning]","Invalid multi-line string [resource, error]",same_block,2,1
14,14,"Unsupported argument [resource, error]","Deprecated Resource [resource, warning]",same_module_other_file,2,1
14,14,"Argument is deprecated [resource, warning]","Error in function call [resource, error]",same_block,1,1
14,14,"Argument is deprecated [resource, warning]","Missing required argument [resource, error]",same_block,1,1
14,14,"Argument is deprecated [resource, warning]","expected domain to be one of [vpc standard], got true [resource, error]",same_block,1,1
14,14,"Argument is deprecated [resource, warning]","expected object_lock_enabled to be one of [""Enabled""], got true [resource, error]",same_block,1,1
14,14,"Attribute Deprecated [resource, warning]","Invalid multi-line string [resource, error]",same_block,1,1
14,14,"Attribute Deprecated [resource, warning]","Unterminated template string [resource, error]",same_block,1,1
14,14,"Deprecated Parameter [data, warning]","Unsupported argument [data, error]",same_block,1,1
14,14,"Deprecated Resource [resource, warning]","Missing required argument [resource, error]",same_block,1,1
14,14,"Deprecated Resource [resource, warning]","Missing required provider [Unknown, error]",same_module_other_file,1,1
14,14,"Deprecated Resource [resource, warning]","Reference to undeclared resource [module, error]",same_file_other_block,1,1
14,14,"Deprecated Resource [resource, warning]","Unsupported block type [resource, error]",same_block,1,1
14,14,"Deprecated [data, warning]","Argument or block definition required [data, error]",same_block,1,1
14,14,"Deprecated attribute [resource, warning]","Unterminated template string [resource, error]",same_block,1,1
14,14,"Error in function call [resource, error]","Missing resource instance key [resource, error]",same_file_other_block,1,1
14,14,"Incorrect attribute value type [resource, error]","Unsupported argument [resource, error]",same_file_other_block,1,1
14,14,"Invalid Attribute Combination [resource, warning]","Invalid String Enum Value [resource, error]",same_block,1,1
14,14,"Missing required argument [resource, error]","Missing newline after argument [resource, error]",same_block,1,1
14,14,"Missing resource instance key [resource, error]","Missing item separator [resource, error]",same_block,1,1
14,14,"Quoted references are deprecated [resource, warning]","Missing newline after argument [resource, error]",same_block,1,1
14,14,"Reference to undeclared input variable [data, error]","Reference to undeclared resource [data, error]",same_block,1,1
14,14,"Reference to undeclared input variable [resource, error]","Reference to undeclared resource [resource, error]",same_block,1,1
14,14,"Reference to undeclared local value [resource, error]","Reference to undeclared input variable [resource, error]",same_block,1,1
14,14,"Unsupported argument [data, error]","Unsupported attribute [resource, error]",same_file_other_block,1,1
14,14,"Unsupported argument [resource, error]","Deprecated attribute [data, warning]",same_file_other_block,1,1
14,14,"Unsupported argument [resource, error]","Incorrect attribute value type [resource, error]",same_block,1,1
14,14,"Unsupported argument [resource, error]","Unsupported argument [resource, error]",same_file_other_block,1,1
14,14,"Unsupported attribute [resource, error]","Missing required argument [resource, error]",same_block,1,1
14,14,"Unsupported attribute [resource, error]","Unsupported argument [resource, error]",same_block,1,1
14,14,"Unsupported attribute [resource, error]","Unsupported attribute [resource, error]",same_file_other_block,1,1
14,14,"Unsupported block type [resource, error]","Missing item separator [resource, error]",same_block,1,1
14,14,"Unsupported block type [resource, error]","Missing required argument [resource, error]",same_block,1,1
14,14,"Unsupported block type [resource, error]","Unsupported argument [resource, error]",same_file_other_block,1,1
15,15,"Deprecated Resource [resource, warning]","Reference to undeclared resource [resource, error]",same_file_other_block,7,6
15,15,"Unsupported block type [resource, error]","Unsupported block type [resource, error]",same_file_other_block,7,1
15,15,"Error in function call [resource, error]","Error in function call [output, error]",same_module_other_file,6,1
15,15,"Reference to undeclared resource [resource, error]","Reference to undeclared input variable [resource, error]",same_block,5,2
15,15,"Deprecated Resource [resource, warning]","Unsupported argument [resource, error]",same_block,4,2
15,15,"Missing resource instance key [resource, error]","Invalid character [resource, error]",same_block,4,1
15,15,"Unsupported block type [resource, error]","Invalid character [resource, error]",same_block,4,1
15,15,"Unsupported block type [resource, error]","Unsupported argument [resource, error]",same_block,3,2
15,15,"Unsupported block type [resource, error]","Unsupported block type [resource, error]",same_module_other_file,3,1
15,15,"Argument is deprecated [resource, warning]","Unsupported block type [resource, error]",same_block,2,2
15,15,"Deprecated Resource [resource, warning]","Missing required provider [Unknown, error]",same_module_other_file,2,2
15,15,"Argument is deprecated [resource, warning]","Conflicting configuration arguments [resource, error]",same_block,2,1
15,15,"Deprecated Resource [data, warning]","Reference to undeclared resource [provider, error]",same_file_other_block,2,1
15,15,"Deprecated Resource [resource, warning]","Reference to undeclared input variable [resource, error]",same_block,2,1
15,15,"Deprecated Resource [resource, warning]","Reference to undeclared resource [output, error]",same_module_other_file,2,1
15,15,"Deprecated attribute [resource, warning]","Invalid multi-line string [resource, error]",same_block,2,1
15,15,"Quoted references are deprecated [resource, warning]","Invalid index [resource, error]",same_block,2,1
15,15,"Unsupported argument [resource, error]","Deprecated Resource [resource, warning]",same_module_other_file,2,1
15,15,"Argument is deprecated [resource, warning]","Unsupported argument [resource, error]",same_block,1,1
15,15,"Argument is deprecated [resource, warning]","expected domain to be one of [vpc standard], got true [resource, error]",same_block,1,1
15,15,"Argument is deprecated [resource, warning]","expected object_lock_enabled to be one of [""Enabled""], got true [resource, error]",same_block,1,1
15,15,"Attribute Deprecated [resource, warning]","Invalid multi-line string [resource, error]",same_block,1,1
15,15,"Attribute Deprecated [resource, warning]","Unterminated template string [resource, error]",same_block,1,1
15,15,"Deprecated Resource [data, warning]","Reference to undeclared resource [output, error]",same_module_other_file,1,1
15,15,"Deprecated Resource [resource, warning]","Invalid resource type [resource, error]",same_block,1,1
15,15,"Deprecated Resource [resource, warning]","Missing required argument [resource, error]",same_block,1,1
15,15,"Deprecated Resource [resource, warning]","Reference to undeclared resource [module, error]",same_file_other_block,1,1
15,15,"Deprecated Resource [resource, warning]","Unsupported block type [resource, error]",same_block,1,1
15,15,"Deprecated [data, warning]","Argument or block definition required [data, error]",same_block,1,1
15,15,"Deprecated attribute [resource, warning]","Reference to undeclared input variable [resource, error]",same_block,1,1
15,15,"Deprecated attribute [resource, warning]","Unterminated template string [resource, error]",same_block,1,1
15,15,"Error in function call [resource, error]","Missing resource instance key [resource, error]",same_file_other_block,1,1
15,15,"Incorrect attribute value type [resource, error]","Reference to undeclared resource [resource, error]",same_block,1,1
15,15,"Incorrect attribute value type [resource, error]","Unsupported argument [resource, error]",same_file_other_block,1,1
15,15,"Invalid Attribute Combination [resource, warning]","Invalid String Enum Value [resource, error]",same_block,1,1
15,15,"Missing required argument [resource, error]","Missing newline after argument [resource, error]",same_block,1,1
15,15,"Missing resource instance key [resource, error]","Missing item separator [resource, error]",same_block,1,1
15,15,"Quoted references are deprecated [resource, warning]","Invalid character [resource, error]",same_block,1,1
15,15,"Quoted references are deprecated [resource, warning]","Missing newline after argument [resource, error]",same_block,1,1
15,15,"Unsupported argument [data, error]","Unsupported attribute [resource, error]",same_file_other_block,1,1
15,15,"Unsupported argument [resource, error]","Deprecated attribute [data, warning]",same_file_other_block,1,1
15,15,"Unsupported attribute [resource, error]","Missing required argument [resource, error]",same_block,1,1
15,15,"Unsupported attribute [resource, error]","Unsupported argument [resource, error]",same_block,1,1
15,15,"Unsupported attribute [resource, error]","Unsupported attribute [resource, error]",same_file_other_block,1,1
15,15,"Unsupported block type [resource, error]","Missing item separator [resource, error]",same_block,1,1
15,15,"Unsupported block type [resource, error]","Missing required argument [resource, error]",same_block,1,1
15,15,"Unsupported block type [resource, error]","Unsupported argument [resource, error]",same_file_other_block,1,1
16,16,"Deprecated Resource [resource, warning]","Reference to undeclared resource [resource, error]",same_file_other_block,7,6
16,16,"Unsupported block type [resource, error]","Unsupported block type [resource, error]",same_file_other_block,7,1
16,16,"Error in function call [resource, error]","Error in function call [output, error]",same_module_other_file,6,1
16,16,"Deprecated Resource [resource, warning]","Unsupported argument [resource, error]",same_block,4,2
16,16,"Deprecated Resource [resource, warning]","Reference to undeclared resource [output, error]",same_file_other_block,4,1
16,16,"Missing resource instance key [resource, error]","Invalid character [resource, error]",same_block,4,1
16,16,"Unsupported block type [resource, error]","Invalid character [resource, error]",same_block,4,1
16,16,"Argument is deprecated [resource, warning]","Unsupported block type [resource, error]",same_block,3,3
16,16,"Reference to undeclared resource [resource, error]","Reference to undeclared input variable [resource, error]",same_block,3,3
16,16,"Unsupported block type [resource, error]","Unsupported block type [resource, error]",same_module_other_file,3,1
16,16,"Deprecated Resource [resource, warning]","Missing required provider [Unknown, error]",same_module_other_file,2,2
16,16,"Unsupported argument [resource, error]","Unsupported block type [resource, error]",same_block,2,2
16,16,"Unsupported argument [resource, error]","expected private_endpoint_network_policies to be one of [""Disabled"" ""Enabled"" ""NetworkSecurityGroupEnabled"" ""RouteTableEnabled""], got false [resource, error]",same_block,2,2
16,16,"Deprecated Resource [data, warning]","Reference to undeclared input variable [data, error]",same_block,2,1
16,16,"Deprecated Resource [data, warning]","Reference to undeclared resource [provider, error]",same_file_other_block,2,1
16,16,"Deprecated attribute [resource, warning]","Invalid multi-line string [resource, error]",same_block,2,1
16,16,"Invalid Configuration for Read-Only Attribute [resource, error]","Unsupported argument [resource, error]",same_block,2,1
16,16,"Reference to undeclared local value [resource, error]","Reference to undeclared resource [resource, error]",same_block,2,1
16,16,"Unsupported argument [resource, error]","Deprecated Resource [resource, warning]",same_module_other_file,2,1
16,16,"Argument is deprecated [resource, warning]","Error in function call [resource, error]",same_block,1,1
16,16,"Argument is deprecated [resource, warning]","Unsupported argument [resource, error]",same_block,1,1
16,16,"Argument is deprecated [resource, warning]","expected object_lock_enabled to be one of [""Enabled""], got true [resource, error]",same_block,1,1
16,16,"Attribute Deprecated [resource, warning]","Invalid multi-line string [resource, error]",same_block,1,1
16,16,"Attribute Deprecated [resource, warning]","Unterminated template string [resource, error]",same_block,1,1
16,16,"Deprecated Parameter [data, warning]","Unsupported argument [data, error]",same_block,1,1
16,16,"Deprecated Resource [data, warning]","Reference to undeclared resource [output, error]",same_module_other_file,1,1
16,16,"Deprecated Resource [resource, warning]","Invalid resource type [resource, error]",same_block,1,1
16,16,"Deprecated Resource [resource, warning]","Missing required argument [resource, error]",same_block,1,1
16,16,"Deprecated Resource [resource, warning]","Reference to undeclared resource [locals, error]",same_file_other_block,1,1
16,16,"Deprecated Resource [resource, warning]","Reference to undeclared resource [module, error]",same_file_other_block,1,1
16,16,"Deprecated [data, warning]","Argument or block definition required [data, error]",same_block,1,1
16,16,"Deprecated attribute [resource, warning]","Unsupported argument [resource, error]",same_block,1,1
16,16,"Deprecated attribute [resource, warning]","Unterminated template string [resource, error]",same_block,1,1
16,16,"Error in function call [resource, error]","Missing resource instance key [resource, error]",same_file_other_block,1,1
16,16,"Incorrect attribute value type [resource, error]","Unsupported argument [resource, error]",same_file_other_block,1,1
16,16,"Incorrect attribute value type [resource, error]","Unsupported attribute [resource, error]",same_block,1,1
16,16,"Invalid Configuration for Read-Only Attribute [resource, error]","Missing required argument [resource, error]",same_block,1,1
16,16,"Missing required argument [resource, error]","Missing newline after argument [resource, error]",same_block,1,1
16,16,"Missing resource instance key [resource, error]","Missing item separator [resource, error]",same_block,1,1
16,16,"Quoted references are deprecated [resource, warning]","Invalid expression [resource, error]",same_block,1,1
16,16,"Reference to undeclared local value [resource, error]","Reference to undeclared input variable [resource, error]",same_block,1,1
16,16,"Unsupported argument [data, error]","Unsupported attribute [resource, error]",same_file_other_block,1,1
16,16,"Unsupported argument [resource, error]","Deprecated attribute [data, warning]",same_file_other_block,1,1
16,16,"Unsupported attribute [resource, error]","Unsupported attribute [resource, error]",same_file_other_block,1,1
16,16,"Unsupported block type [resource, error]","Missing item separator [resource, error]",same_block,1,1
16,16,"Unsupported block type [resource, error]","Unsupported argument [resource, error]",same_block,1,1
16,16,"Unsupported block type [resource, error]","Unsupported argument [resource, error]",same_file_other_block,1,1
